ASV	Phylum	Class	Order	Family	Genus	Species	Confidence	1003_Wk1	1003_Wk2	1003_Wk3	1003_Wk4	1003_Wk5	1003_Wk6	1003_Wk7	1003_Wk8	1003_Wk9	1004_Wk1	1004_Wk2	1004_Wk3	1004_Wk4	1004_Wk5	1004_Wk6	1004_Wk7	1004_Wk8	1004_Wk9	1005_Wk1	1005_Wk2	1005_Wk3	1005_Wk4	1005_Wk5	1005_Wk6	1005_Wk7	1005_Wk8	1005_Wk9	PCR_NEG	Wk1_Blank	Wk1_Control	Wk2_Control	Wk3_Blank	Wk3_Control	Wk4_1003Parallel	Wk4_1004Parallel	Wk4_1005Parallel	Wk4_Blank	Wk5_1003Parallel	Wk5_1004Parallel	Wk5_1005Parallel	Wk5_FieldBlank	Wk6_1003Parallel	Wk6_1004Parallel	Wk6_1005Parallel	Wk6_FieldBlank	Wk7_1003Parallel	Wk7_1004Parallel	Wk7_1005Parallel	Wk7_FieldBlank	Wk8_1003Parallel	Wk8_1004Parallel	Wk8_1005Parallel	Wk8_FieldBlank	Wk9_1003Parallel	Wk9_1004Parallel	Wk9_FieldBlank	XN_1	XN_2	XN_3
79c5bf8e719046b98ea4b9639d500374	p__Chordata	 Actinopteri	 Scombriformes	 Scombridae	 Rastrelliger		0.998706984741	49	64219	184	117	192841	234260	198	120	54737	298	102	198997	179683	96666	56246	81026	112446	84998	75	144	170	335163	177	89231	85	32474	126	6	149	73	77	591	30	150623	74	76177	186	100200	99670	42705	629	84382	46765	35978	123	4124	104535	37471	41	81405	82691	3455	123	33790	50586	41	255	0	8
d49d5af0e3a68dd460877f6c4bd605ab	 p__Chordata	 Actinopteri	 Labriformes	 Labridae	 Tautogolabrus	adspersus	0.985287960792496	90	48430	106272	305809	90608	94869	96	60	44393	63	48	69655	52138	30518	53831	37963	32678	75223	51	141	95	51379	186	295098	140580	33170	128	6	62	15	58	42	15	37	19	99996	63	41084	25310	91188	110	101	39710	72319	41	55	134893	236	29	15038	53763	1741	74	75179	129545	179	426	0	3
0ae696476b906c4fc238a851e28b7034	 p__Chordata	 Actinopteri	 Perciformes	 Pholidae	 Pholis		0.998244998717408	0	136	15	32	0	33	28	146	96938	49	43	0	14	56	39165	180313	61453	56853	0	17	0	73	84	118	114	95	15	0	22	0	0	54	45	24230	7	0	0	20353	59461	25968	162	77470	10894	45948	0	99	43	168486	114	26592	11510	95	0	126742	61059	134	27	0	0
02afebb71268594917fa69fbc6637889	 p__Chordata	 Mammalia	 Primates	 Hominidae	 Homo	sapiens	0.999934666055195	0	1761	0	41	26270	18	64779	3	21	0	0	7	24	0	0	0	0	0	0	0	81	30	25	3	0	0	0	0	55613	18	8	0	0	6756	3	19610	419682	1821	154	550	8	5	7	0	27	0	37	0	254	0	24	0	36	11	0	16266	0	0	0
2a710e68a60b375a53a1720d3fe6a9b7	 p__Chordata	 Actinopteri	 Pleuronectiformes	 Pleuronectidae			0.999999999989747	50	0	268239	0	0	0	0	0	0	0	26	0	0	0	0	0	0	0	25	0	0	0	28	0	0	0	114	395	0	0	0	0	0	0	33	0	0	0	0	0	0	0	27	10	0	0	0	0	0	0	17	0	27	30	0	0	0	0	0
5a7783c847304564e78f42bc0b5eef42	 p__Chordata	 Actinopteri	 Clupeiformes	 Clupeidae	 Alosa	sapidissima	0.995901364092706	0	0	14	0	0	0	0	0	0	0	0	0	0	25261	0	7335	0	0	5	0	0	30	0	29	95710	0	23	0	7	0	0	24	0	0	0	0	0	33569	0	6	29	0	31734	0	0	0	0	32461	9	4225	6790	0	0	0	0	4	0	0	0
56746295e600d52d1ca6832099704ccf	 p__Chordata	 Mammalia	 Artiodactyla	 Suidae	 Sus		0.999994437653887	0	0	0	0	0	29	0	0	0	0	0	0	0	26	0	0	0	0	0	0	0	29	0	0	0	0	0	0	211703	0	0	0	0	0	0	0	0	15	0	418	0	0	275	0	0	0	0	0	0	0	0	0	0	47	0	0	0	0	0
a0c42d2af9c0d45fdee4baddcdaffbdd	 p__Chordata	 Actinopteri	 Perciformes				0.999998696701956	0	29059	79	0	0	0	0	0	0	0	0	28	0	0	0	0	35182	79	30	0	0	0	0	0	0	39	47	0	0	0	0	154	0	0	22	0	0	0	0	0	191	39	13796	0	0	0	0	0	0	41516	49960	1274	0	0	26913	0	0	0	0
1e646e70fecffb34dc28c644c3e111c9	 p__Chordata	 Actinopteri	 Uranoscopiformes	 Ammodytidae	 Ammodytes		0.999999969454504	0	0	0	0	52	0	169243	0	14	209	0	0	0	0	36	0	0	0	0	0	0	0	44	0	0	0	0	0	0	0	27	0	0	0	0	0	0	0	46	0	0	0	0	0	0	0	30	0	0	0	0	0	0	0	40	0	0	0	0
510fc640c809ed5a09b902588703a6ee	 p__Chordata	 Actinopteri	 Anguilliformes	 Anguillidae	 Anguilla	bicolor pacifica	0.996979160422751	0	0	0	0	0	0	0	0	0	0	0	0	0	35486	15859	0	0	18	0	0	0	4	13	4	0	63010	6	0	0	0	0	0	0	0	0	0	0	0	15879	29509	0	20	0	0	0	11	0	1988	0	7716	0	0	0	0	0	0	0	0	0
4d3d4816408b5e20e2360a578c7b7448	 p__Chordata	 Mammalia	 Artiodactyla	 Bovidae	 Ovis	aries	0.99999103521328	0	0	0	0	0	6	0	0	0	0	0	0	0	0	0	0	0	0	0	0	38611	114728	0	0	0	0	0	0	0	0	0	0	0	0	0	0	0	8	0	0	0	0	0	0	0	0	0	0	0	0	0	0	0	0	0	0	0	0	0
4ef0db793d324235da34de826d006177	 p__Chordata	 Actinopteri	 Salmoniformes	 Salmonidae	 Salvelinus		0.783622407301161	0	0	0	0	0	0	0	0	0	0	0	0	0	0	0	0	0	0	0	0	127721	0	0	0	0	0	0	0	0	0	0	0	0	0	0	0	0	0	0	0	0	0	0	0	0	0	0	0	0	0	0	0	0	0	0	0	0	0	0
852e37ecfa2b3985d66117af128b8063	 p__Chordata	 Actinopteri	 Clupeiformes	 Clupeidae	 Clupea	pallasii	0.999999987414214	0	49946	0	0	0	0	62545	0	4	0	0	0	0	0	0	0	0	0	0	0	0	0	0	0	0	0	0	0	0	0	0	0	0	0	0	0	0	0	0	0	0	0	0	0	0	0	22	0	0	0	0	0	0	0	0	0	0	0	0
373cf56bf02b9f1e431f37cebfa6bb5c	 p__Chordata	 Actinopteri	 Perciformes	 Pholidae	 Pholis	laeta	0.95129618943822	108924	0	0	0	0	0	0	49	0	236	171	81	0	0	0	0	0	0	0	0	0	167	112	151	0	0	0	0	0	46	52	0	0	0	0	0	30	0	0	0	0	0	0	0	39	0	0	0	0	0	0	0	0	0	0	0	0	0	0
de1e2097038a24cb76600c94c5f79597	 p__Chordata	 Actinopteri	 Atheriniformes	 Atherinopsidae	 Menidia	beryllina	0.985186490633122	0	81096	0	0	0	0	7	0	0	0	0	0	0	0	10171	0	0	61	0	0	0	0	7	8	0	24	0	0	0	0	0	0	0	0	0	0	0	0	0	0	0	12	0	0	0	0	0	15610	0	0	0	0	0	0	0	0	0	0	0
31b74ef62b4422e3579db4d236d3fb1d	 p__Chordata	 Actinopteri	 Perciformes	 Stichaeidae			0.970478985767819	0	0	80	0	0	0	0	0	0	0	0	0	0	0	0	0	0	0	28	0	0	0	0	0	0	0	43	0	0	0	0	0	0	0	97646	0	0	0	0	0	0	0	4279	0	0	0	0	0	0	0	2596	0	0	0	0	0	0	0	0
d363797257fc5f49c8ec0c9e6cbf7392	 p__Chordata	 Mammalia	 Artiodactyla	 Suidae	 Sus		0.999993715138138	0	0	0	0	56	0	0	0	0	0	0	0	0	0	0	0	0	0	0	0	0	0	0	0	0	0	0	0	0	0	0	0	0	0	0	0	28	0	0	0	0	0	0	0	88549	0	848	0	0	0	0	0	0	0	0	0	0	0	0
b7f61135eb2f9a863292c706ddb7e245	 p__Chordata	 Actinopteri	 Perciformes	 Sebastidae	 Sebastes		0.999521085917904	0	0	0	0	0	0	0	0	0	0	0	0	0	0	0	0	0	7	0	0	0	0	0	0	0	62419	6	0	0	0	0	0	0	0	0	0	0	0	0	0	0	0	0	0	0	0	0	0	0	0	0	0	0	0	0	0	0	0	0
19c693f42cb365035c714e619ba37005	 p__Chordata	 Mammalia	 Artiodactyla	 Suidae	 Sus		0.999969468820978	0	0	0	0	0	0	0	0	0	0	0	0	0	0	0	0	0	0	0	0	0	0	0	0	0	0	0	0	0	0	0	0	0	0	0	0	0	0	0	0	0	0	0	0	59706	0	0	0	0	0	0	0	0	0	0	0	0	0	0
0142d69b5944527bedc81a6ddeee4c16	 p__Chordata	 Mammalia	 Artiodactyla	 Suidae	 Sus		0.999975984423348	0	0	0	0	0	0	0	0	0	0	0	0	0	0	0	0	0	0	0	0	0	0	0	0	0	0	0	0	0	0	0	0	0	0	0	0	0	0	0	0	0	0	0	0	58237	0	0	0	0	0	0	0	0	0	0	0	0	0	0
e75110e493a85f1f5bc70a4f083f7cf3	 p__Chordata	 Mammalia	 Artiodactyla	 Bovidae	 Bos	taurus	0.999913950431855	0	0	117	0	3	0	0	0	822	0	0	0	853	4265	0	0	967	35	7	0	0	0	0	0	0	0	0	13	4	0	0	7	0	0	0	757	5	13218	8517	18800	91	268	168	5149	0	0	0	0	0	0	3521	2	0	0	0	0	0	0	0
73f4c80cb0472c0cd5fe438696babc6e	 p__Chordata	 Actinopteri	 Clupeiformes	 Clupeidae	 Brevoortia	tyrannus	0.999932603114595	9	0	0	0	0	0	0	0	30130	0	0	0	0	0	0	0	0	21746	0	0	0	0	0	0	0	0	0	0	0	0	0	0	0	0	0	0	0	0	0	0	0	0	0	0	0	0	0	0	0	0	0	0	0	0	0	0	0	0	0
b3f5d4613592313bc889040f42e9a64b	 p__Chordata	 Actinopteri	 Perciformes	 Cottidae			0.920314763105884	0	0	0	0	0	0	0	0	0	0	0	0	0	0	34317	0	715	0	0	0	0	0	24	0	0	0	0	0	0	0	0	0	0	0	0	0	0	0	0	0	0	0	10035	0	0	0	0	0	0	0	0	0	0	0	0	0	0	0	0
caba00a3b4252ef1350b9c03c66fea54	 p__Chordata	 Actinopteri	 Anguilliformes	 Anguillidae	 Anguilla	bicolor pacifica	0.992901918288604	0	0	32	0	0	0	0	0	0	0	0	0	0	0	0	0	0	0	0	0	0	0	0	0	0	0	0	0	0	0	0	95	0	0	3	0	0	0	18618	0	97	0	0	0	0	0	0	0	0	24652	0	318	0	0	0	0	0	0	0
b488a799cb78c275db3b62e0fa04e354	 p__Chordata	 Actinopteri	 Perciformes	 Gasterosteidae	 Gasterosteus		0.893458207503834	0	14	235	14	0	0	95	0	3	0	2	7	7	0	0	0	0	40	0	147	0	167	135	298	0	41876	0	0	9	0	6	0	0	0	0	0	45	75	27	0	67	85	88	0	40	77	0	26	33	60	29	33	3	33	0	0	0	0	0
f62291986e00e2fbad38d6d0349f29ce	 p__Chordata	 Actinopteri	 Gadiformes	 Gaidropsaridae	 Gaidropsarus		0.707364995239742	0	0	106	0	0	0	0	0	0	0	0	0	0	21977	0	0	0	0	0	0	0	0	0	0	0	0	0	0	0	0	0	0	0	0	0	0	0	0	0	8211	0	0	175	0	0	0	0	2	0	0	12594	301	0	0	0	0	0	0	0
a42d34d610321be33454794f85ce9a86	 p__Chordata	 Actinopteri	 Clupeiformes	 Clupeidae	 Alosa	sapidissima	0.987704097204598	0	0	0	0	0	0	0	0	0	0	0	0	0	0	0	0	2887	0	0	0	0	0	0	0	0	0	0	0	0	0	0	0	0	0	0	0	0	0	0	0	0	0	0	0	0	0	0	0	0	0	0	0	0	37537	0	0	0	0	0
102728a2f4054d96242082d58b95dc7e	 p__Chordata	 Actinopteri	 Cyprinodontiformes	 Fundulidae	 Fundulus	heteroclitus	0.999983537440764	0	0	0	0	0	0	0	0	3064	0	0	0	0	0	0	0	0	14817	0	0	0	0	0	0	0	0	0	0	0	0	0	0	0	0	0	0	0	0	0	10985	0	0	10521	0	0	0	0	0	0	0	0	0	0	0	0	0	0	0	0
5ba8ac0932668789e379cc462b15ef3c	 p__Chordata	 Actinopteri	 Clupeiformes	 Clupeidae	 Alosa	sapidissima	0.926484895823145	0	0	0	0	3	0	0	0	0	0	0	0	36659	0	0	0	0	0	0	0	0	0	0	0	0	0	0	0	0	0	0	0	0	0	0	0	0	0	0	0	0	0	0	0	0	0	0	0	0	0	0	0	0	0	0	0	0	0	0
1027b3871ce96578bbc92cb92c9fc022	 p__Chordata	 Actinopteri	 Clupeiformes	 Clupeidae	 Alosa	sapidissima	0.994792257690311	0	0	0	0	0	0	0	0	0	0	0	0	0	0	0	0	0	0	0	0	0	0	0	0	0	0	0	0	0	0	0	0	0	0	0	0	0	0	0	0	0	0	36270	0	0	0	0	0	0	0	0	0	0	0	0	0	0	0	0
e35a6258a3d2194be267ddb4ce7ceb7b	 p__Chordata	 Actinopteri					0.925210709083668	0	0	0	0	0	0	0	0	0	0	0	0	0	0	0	0	0	0	0	0	0	0	0	0	0	0	0	0	0	0	0	0	0	0	0	0	0	0	0	22258	0	0	0	0	0	0	0	0	0	0	0	0	0	0	0	0	0	0	0
eb4f78546818a1491bbfa47579a6433e	 p__Chordata	 Actinopteri	 Labriformes	 Labridae	 Tautogolabrus	adspersus	0.989163097215382	0	0	0	0	0	0	0	0	0	0	0	0	19666	0	0	0	0	0	0	0	0	0	0	0	0	0	0	0	0	0	0	0	0	0	0	0	0	0	0	0	0	0	0	0	0	0	0	0	0	0	0	0	0	0	0	0	0	0	0
60dc096e851d915be39f04538d1da981	 p__Chordata	 Actinopteri	 Gadiformes	 Phycidae	 Urophycis		0.999997865645249	0	0	0	0	0	0	0	0	0	0	0	0	0	0	0	19399	0	0	0	0	0	0	0	0	0	0	0	0	0	0	0	0	0	0	0	0	0	0	0	0	0	0	0	0	0	0	0	0	0	0	0	0	0	0	0	0	0	0	0
833f78d049b5386151c7f98b2836d8f7	 p__Chordata	 Actinopteri	 Cypriniformes	 Leuciscidae	 Pimephales	notatus	0.969207685642762	0	0	0	0	0	0	0	0	0	0	0	0	0	19257	0	0	0	0	0	0	0	0	0	0	0	0	0	0	0	0	0	0	0	0	0	0	0	0	0	0	0	0	0	0	0	0	0	0	0	0	0	0	0	0	0	0	0	0	0
ef9dc215c0df2ee19cff7b6b9b178233	 p__Chordata	 Actinopteri	 Cichliformes	 Cichlidae	 Oreochromis	aureus	0.981062824161457	0	0	0	0	0	0	0	0	0	0	0	0	0	0	0	0	0	0	0	0	0	3	0	0	0	0	0	0	0	0	0	0	0	0	0	0	0	16428	0	0	0	0	0	0	0	0	0	0	0	0	0	0	0	0	0	0	0	0	0
104f267fdf7036d7a3304bfe80d63ffa	 p__Chordata	 Actinopteri	 Labriformes	 Labridae	 Tautogolabrus	adspersus	0.982051802419649	0	0	0	0	0	0	0	0	0	0	0	0	0	0	0	0	0	0	0	0	0	0	0	0	0	0	0	0	0	0	0	0	0	0	0	0	0	0	16097	0	0	0	0	0	0	0	0	0	0	0	0	0	0	0	0	0	0	0	0
d57d1eb012225179da306dd78fa8b3e6	 p__Chordata	 Actinopteri	 Scombriformes	 Scombridae	 Rastrelliger		0.9987038192586	0	0	0	0	0	0	0	0	0	0	0	0	15664	0	0	0	0	0	0	0	0	0	0	0	0	0	0	0	0	0	0	0	0	0	0	0	0	0	0	0	0	0	0	0	0	0	0	0	0	0	0	0	0	0	0	0	0	0	0
901de58abb0ad642700747f01d50e9bb	 p__Chordata	 Actinopteri	 Scombriformes	 Scombridae	 Rastrelliger		0.996336850014192	0	0	0	0	0	0	0	0	0	0	0	0	0	0	0	0	0	0	0	0	0	0	0	0	0	0	0	0	0	0	0	0	0	0	0	0	0	0	0	0	0	0	0	13323	0	0	0	0	0	0	0	0	0	0	0	0	0	0	0
23724856414b1c535c6cf4b6fcfc272e	 p__Chordata	 Actinopteri	 Perciformes	 Pholidae	 Pholis		0.997912675760102	0	0	0	0	0	0	0	0	0	0	0	0	0	0	12773	0	0	0	0	0	0	0	0	0	0	0	0	0	0	0	0	0	0	0	0	0	0	0	0	0	0	0	0	0	0	0	0	0	0	0	0	0	0	0	0	0	0	0	0
0ee2bec099a05d8d4609d2e9cfb61324	 p__Chordata	 Actinopteri	 Pleuronectiformes	 Pleuronectidae	 Pseudopleuronectes		0.992270866939719	0	0	0	0	0	0	0	0	0	0	0	0	0	0	0	0	0	0	0	0	0	0	0	0	0	0	0	0	0	0	0	0	0	0	0	0	0	0	0	0	0	0	3349	0	0	0	0	8615	0	0	0	0	0	0	0	0	0	0	0
fc854d8f9ef9808dc172ca3c36a94579	 p__Chordata	 Actinopteri	 Atheriniformes	 Atherinopsidae	 Menidia	beryllina	0.953134544484666	0	0	0	0	0	0	0	0	0	0	0	0	0	0	11705	0	0	0	0	0	0	0	0	0	0	0	0	0	0	0	0	0	0	0	0	2	0	0	0	0	0	0	0	0	0	0	0	0	0	0	0	91	0	0	0	0	0	0	0
5cc9c634c441079aca6cf9bdfe61b13f	 p__Chordata	 Actinopteri	 Perciformes	 Gasterosteidae	 Pungitius		0.999999928262601	0	0	0	0	0	0	0	0	0	0	0	0	0	0	10110	0	0	0	0	0	0	0	0	0	0	0	0	0	0	0	0	0	0	0	0	0	0	0	0	0	0	0	0	0	0	0	0	0	0	0	0	0	0	0	0	0	0	0	0
8377854474338cf60b17f3172f6e33e4	 p__Chordata	 Actinopteri	 Gadiformes	 Gadidae	 Pollachius	pollachius	0.925004831789913	0	0	0	0	0	0	0	0	9578	0	0	0	0	0	0	0	0	0	0	0	0	0	0	0	0	0	0	0	0	0	0	0	0	0	0	0	0	0	0	0	0	0	0	0	0	0	0	0	0	0	0	0	0	0	0	0	0	0	0
2e413b44919a35e86a58198f03c37aa2	 p__Chordata	 Actinopteri	 Atheriniformes	 Atherinopsidae	 Menidia	beryllina	0.949568332448212	0	0	0	0	0	0	0	0	0	0	0	0	0	0	9236	0	0	0	0	0	0	0	0	0	0	0	0	0	0	0	0	0	0	0	0	0	0	0	0	0	0	0	0	0	0	0	0	0	0	0	0	0	0	0	18	0	0	0	0
f64255a6fb7a61e5b532d08061b29b95	 p__Chordata	 Actinopteri	 Perciformes	 Cottidae	 Cottus	beldingii	0.891723437757355	42	0	9	10	0	0	0	0	0	0	10	0	0	21	0	0	12	774	416	629	12	185	160	127	0	668	736	0	0	0	0	0	0	0	0	0	5	0	6	0	137	248	205	165	105	193	16	385	175	288	215	112	0	318	0	175	793	0	0
56f2890a62178fec4f57e9f56ffe0282	 p__Chordata	 Mammalia	 Artiodactyla	 Suidae	 Sus		0.999966981414674	0	0	0	0	0	0	0	0	0	0	0	0	0	0	0	0	0	0	0	0	0	0	0	0	0	0	0	0	0	0	0	0	0	0	0	0	0	0	0	0	0	0	0	0	0	0	0	0	0	0	0	0	0	0	6825	0	0	0	0
b33507582222c1d4c2be9a1ca830ad8a	 p__Chordata	 Actinopteri	 Perciformes	 Cottidae	 Cottus	beldingii	0.79702145267554	0	13	0	0	0	0	0	0	0	18	0	0	0	0	0	19	0	0	0	0	0	561	345	298	0	66	0	54	16	20	0	690	384	623	7	6	0	0	0	16	0	0	0	471	193	287	0	364	463	308	505	401	0	551	0	0	0	0	0
9920e720cdc992c406e02aa639061ce6	 p__Chordata	 Actinopteri	 Perciformes	 Pholidae	 Pholis		0.997858710974215	0	0	0	0	0	0	0	0	0	0	0	0	0	0	0	0	6404	0	0	0	0	0	0	0	0	0	0	0	0	0	0	0	0	0	0	0	0	0	0	0	0	0	0	0	0	0	0	0	0	0	0	0	0	0	0	0	0	0	0
1662a6be7a9ee6dde3335b77f37c6fef	 p__Chordata	 Actinopteri	 Labriformes	 Labridae	 Tautogolabrus	adspersus	0.982810632230536	0	0	0	0	0	0	0	0	0	0	0	0	0	0	0	0	0	0	0	0	0	0	0	0	0	0	0	0	0	0	0	18	0	0	0	0	0	0	0	0	0	0	0	0	0	0	0	0	0	6360	0	0	0	0	0	0	0	0	0
f7e3adbeff07c41ffad9206ea68e8840	 p__Chordata	 Actinopteri	 Clupeiformes	 Clupeidae	 Clupea	pallasii	0.999999999792067	0	0	106	121	9	71	281	374	0	131	119	117	0	378	87	122	0	0	0	0	10	13	20	67	4	13	0	63	165	403	363	7	0	0	5	0	263	201	167	0	344	762	610	267	50	49	0	24	69	77	5	4	0	11	67	0	10	0	95
5f88b891f3197090cf6e8a73ae8ecfe1	 p__Chordata	 Actinopteri	 Scombriformes	 Scombridae	 Rastrelliger		0.99768784529629	0	0	0	0	0	0	0	0	0	0	0	0	0	0	5745	0	0	0	0	0	0	0	0	0	0	0	0	0	0	0	0	0	0	0	0	0	0	0	0	0	0	0	0	0	0	0	0	0	0	0	0	0	0	0	0	0	0	0	0
dccffc965de9f985fb5aae9257b79696	 p__Chordata	 Actinopteri	 Labriformes	 Labridae	 Tautogolabrus	adspersus	0.991668788923159	0	0	0	0	0	0	0	0	0	0	0	0	5238	0	0	0	0	0	0	0	0	0	0	0	0	0	0	0	0	0	0	0	0	0	0	0	0	0	0	0	0	0	0	0	0	0	0	0	0	0	0	0	0	0	0	0	0	0	0
c2768893efdd51ffd3d8031ffb9e10c7	 p__Chordata	 Actinopteri	 Scombriformes	 Scombridae	 Rastrelliger		0.998322495742247	0	0	0	0	0	0	0	0	0	0	0	0	0	0	0	0	0	0	0	0	0	0	0	0	0	0	0	0	0	0	0	0	0	5150	0	0	0	0	0	0	0	0	0	0	0	0	0	0	0	0	0	0	0	0	0	0	0	0	0
2d40b94157ada9bda343c9a8133f85e2	 p__Chordata	 Actinopteri	 Perciformes	 Pholidae	 Pholis		0.996969303758479	0	0	0	0	0	54	0	0	0	0	0	0	0	0	0	0	0	0	0	0	0	0	0	0	0	0	0	0	0	0	0	0	0	0	0	0	0	0	0	0	0	0	4981	0	0	0	0	0	0	0	0	0	0	0	0	0	0	0	0
d72e04f3b2b3a510ef0a5a48ea3590cf	 p__Chordata	 Actinopteri	 Perciformes	 Cottidae			0.756529517765158	9	0	0	0	0	0	0	0	0	0	0	0	0	0	0	0	4205	0	0	0	0	0	0	0	0	0	0	0	0	0	0	0	0	0	0	0	0	0	0	0	0	0	0	0	0	0	0	0	0	0	0	0	0	0	0	0	0	0	0
c04af0bcbe3ccbeb32afbb27f6925df9	 p__Chordata	 Actinopteri	 Perciformes	 Cottidae	 Artedius	harringtoni	0.999999939212261	0	0	0	26	6	583	443	192	1058	138	32	47	0	0	0	24	0	0	0	0	0	0	38	0	0	0	0	139	0	0	0	11	0	42	0	0	0	0	0	0	0	0	0	0	0	0	644	0	0	3	0	0	0	0	0	0	0	0	0
28c62c4a3e6358366e325b8b176832c3	 p__Chordata	 Actinopteri	 Perciformes	 Pholidae	 Pholis		0.997909674599865	0	0	0	0	0	0	0	0	3224	0	0	0	0	0	0	0	0	0	0	0	0	0	0	0	0	0	0	0	0	0	0	0	0	0	0	0	0	0	0	0	0	0	0	0	0	0	0	0	0	0	0	0	0	0	0	0	0	0	0
027c4980217ec54fff854c1588f05def	 p__Chordata	 Actinopteri	 Perciformes	 Pholidae	 Pholis		0.990914298259503	0	0	0	0	0	0	0	0	3058	0	0	0	0	0	0	0	0	0	0	0	0	0	0	0	0	0	0	0	0	0	0	0	0	0	0	0	0	0	0	0	0	0	0	0	0	0	0	0	0	0	0	0	0	0	0	0	0	0	0
d8f1ae4e27f0d1abb83b9fe2fdc51c98	 p__Chordata	 Actinopteri	 Perciformes	 Cottidae	 Myoxocephalus		0.835939145898304	0	0	0	0	0	0	0	0	0	0	0	0	0	0	0	0	2849	0	0	0	0	0	0	0	0	0	0	0	0	0	0	0	0	0	0	0	0	0	0	0	0	0	0	156	0	0	0	0	0	0	0	0	0	0	0	0	0	0	0
4db5428e97e0b5ba2c9f83b1f19df956	 p__Chordata	 Mammalia	 Primates	 Hominidae	 Homo	sapiens	0.999324038185927	0	0	0	0	0	0	2745	0	0	0	0	0	0	0	0	0	0	0	0	0	0	0	0	0	0	0	0	0	0	0	0	0	0	0	0	0	0	0	0	0	0	0	0	0	0	0	0	0	0	0	0	0	0	0	0	0	0	0	0
0942b6c7edee59dd8e22e567dea5e6d2	 p__Chordata	 Actinopteri	 Scombriformes	 Scombridae	 Rastrelliger		0.996515419388617	0	0	0	0	0	0	0	0	0	0	0	0	0	0	2672	0	0	0	0	0	0	0	0	0	0	0	0	0	0	0	0	0	0	0	0	0	0	0	0	0	0	0	0	0	0	0	0	0	0	0	0	0	0	0	0	0	0	0	0
e87ae650f1c4c266ba5027f5850135f8	 p__Chordata	 Actinopteri	 Gadiformes	 Gadidae	 Melanogrammus	aeglefinus	0.949109382788288	0	0	0	0	0	0	0	0	0	0	0	0	0	0	0	0	0	0	0	0	0	0	0	0	0	0	0	0	0	0	0	0	0	0	0	0	0	0	0	0	0	0	0	0	0	0	0	2252	0	0	0	0	0	0	0	0	0	0	0
c29f757a85c7c6de0c97756088fcf510	 p__Chordata	 Actinopteri	 Perciformes	 Stichaeidae	 Anoplarchus		0.999534633156286	0	0	0	0	9	0	48	0	7	286	428	305	0	96	0	129	0	0	0	0	0	170	32	65	0	0	0	79	0	141	144	0	0	0	0	0	0	20	46	0	0	0	0	0	40	0	0	0	0	0	0	0	0	0	0	0	0	0	0
83524528f8bd5e08ab56b84a69886514	 p__Chordata	 Mammalia	 Primates	 Hominidae	 Homo	sapiens	0.999712571715643	0	0	0	0	0	0	1970	0	0	0	0	0	0	0	0	0	0	0	0	0	0	0	0	0	0	0	0	0	0	0	0	0	0	0	0	0	0	0	0	0	0	0	0	0	0	0	0	0	0	0	0	0	0	0	0	0	0	0	0
ac299e5e86735f12502ab12287e27329	 p__Chordata	 Actinopteri	 Clupeiformes	 Clupeidae	 Alosa	sapidissima	0.992998344170307	0	0	0	0	0	0	0	0	0	0	0	0	0	0	0	1919	0	0	0	0	0	0	0	0	0	0	0	0	0	0	0	0	0	0	0	0	0	0	0	0	0	0	0	0	0	0	0	0	0	0	0	0	0	0	0	0	0	0	0
b189e417627d898b6e477d1df634f9d8	 p__Chordata	 Actinopteri	 Salmoniformes	 Salmonidae	 Oncorhynchus		0.906524934873294	0	0	0	0	0	0	0	0	0	0	0	0	0	0	0	0	0	0	0	0	0	13	44	0	0	0	0	0	0	0	0	0	0	0	0	0	0	0	0	0	0	0	0	128	125	61	0	233	238	249	234	156	0	333	0	89	0	0	0
7b0f1209dc0252f77c0dee6751eec1e5	 p__Chordata	 Actinopteri	 Perciformes	 Stichaeidae	 Xiphister	mucosus	0.866283652441684	0	0	0	15	0	33	49	66	0	0	27	0	0	109	0	112	0	0	0	0	0	0	0	0	0	0	0	89	0	0	0	0	0	0	0	0	290	252	342	0	0	0	0	0	0	0	0	0	0	0	0	0	0	0	0	0	0	0	458
7e9a704863bd8c4a81f02a926499b300	 p__Chordata	 Mammalia	 Artiodactyla	 Bovidae	 Bos	taurus	0.999830750067873	0	0	0	0	0	0	0	0	0	0	0	0	0	0	0	0	590	0	0	0	0	0	0	0	0	0	0	0	0	0	0	0	0	0	0	0	0	0	0	0	0	0	0	1242	0	0	0	0	0	0	0	0	0	0	0	0	0	0	0
60b91c79dc7ff82887799b29d70e641c	 p__Chordata	 Actinopteri	 Anguilliformes	 Anguillidae	 Anguilla	bicolor pacifica	0.991756032111923	0	0	0	0	0	0	0	0	0	0	0	0	0	379	167	0	0	0	0	0	0	0	0	0	0	743	0	0	0	0	0	0	0	0	0	0	0	0	159	303	0	0	0	0	0	0	0	0	0	79	0	0	0	0	0	0	0	0	0
7cac3fd6e6d382c1aba3ad0b7bf4b83f	 p__Chordata	 Actinopteri	 Perciformes	 Cottidae	 Artedius	fenestralis	0.99999974529948	0	0	0	13	0	41	140	130	0	0	313	268	0	23	404	250	9	8	0	0	0	0	12	4	0	0	0	0	0	57	0	0	0	0	0	0	20	0	39	0	0	0	0	0	0	0	0	8	11	0	10	0	0	0	5	0	0	0	0
1882ab866c3b89dad3ae3d014791415f	 p__Chordata	 Actinopteri	 Perciformes	 Gasterosteidae	 Gasterosteus	nipponicus	0.798559701382755	0	0	0	0	0	0	0	0	0	0	0	0	0	6	0	0	0	214	472	310	0	0	40	0	0	243	93	0	0	0	0	0	0	0	0	0	72	0	0	0	38	60	0	0	0	0	0	0	0	0	0	0	0	0	0	0	137	0	0
125cf2ef4d5df2e36b3935d7417c5ad5	 p__Chordata	 Actinopteri	 Perciformes	 Cottidae	 Ascelichthys	rhodorus	0.999874414323884	0	0	0	0	0	233	512	555	0	6	0	0	0	0	66	57	0	0	0	0	0	0	0	0	0	0	0	26	0	0	0	0	0	0	0	0	49	29	27	0	0	0	0	0	0	0	0	0	0	0	0	0	0	0	0	0	0	0	0
cc918e28c0e5a84b7b75501da303f36b	 p__Chordata	 Actinopteri	 Scombriformes	 Scombridae	 Rastrelliger		0.997721519853506	0	0	0	0	0	0	0	0	0	0	0	0	0	0	0	0	0	0	0	0	0	0	0	0	0	0	0	0	0	0	0	0	0	0	0	0	0	0	0	0	0	0	1457	0	0	0	0	0	0	0	0	0	0	0	0	0	0	0	0
37a82feda1e062b695c41590816e8808	 p__Chordata	 Actinopteri	 Euteleosteomorpha	 Embiotocidae	 Cymatogaster	aggregata	0.999990544249654	0	992	0	17	0	0	40	0	0	0	0	0	0	0	0	11	0	3	0	6	0	0	0	0	0	0	0	57	47	33	40	0	0	0	0	0	0	0	7	0	0	0	0	0	0	0	0	0	0	0	0	0	0	6	58	4	0	0	0
aacc7914e08769d603efe3cca026d622	 p__Chordata	 Actinopteri	 Scombriformes	 Scombridae	 Rastrelliger		0.998319718038867	0	0	0	0	0	0	0	0	0	0	0	0	0	0	0	0	1270	0	0	0	0	0	0	0	0	0	0	0	0	0	0	0	0	0	0	0	0	0	0	0	0	0	0	0	0	0	0	0	0	0	0	0	0	0	0	0	0	0	0
37c46c38ec72f57a367cf157c22b9b7f	 p__Chordata	 Actinopteri	 Salmoniformes	 Salmonidae	 Oncorhynchus	clarkii	0.985242111192576	0	0	0	0	0	0	0	35	0	0	0	0	0	0	0	0	0	110	110	66	0	0	0	14	0	93	0	0	0	0	0	167	205	243	0	0	0	0	0	0	11	23	37	0	0	0	0	0	0	0	0	0	0	0	0	0	133	0	0
0572adb9b78e5935fa021b19c37f2371	 p__Chordata	 Actinopteri	 Perciformes	 Cottidae	 Oligocottus	maculosus	0.999920934752739	0	0	0	118	0	0	170	113	0	100	7	29	0	242	149	11	0	0	0	0	0	0	0	0	0	0	0	0	0	0	9	0	0	0	0	0	76	73	10	0	0	16	0	0	0	3	6	0	0	3	0	0	0	0	0	0	0	0	0
ad1636e972e3910a1f03aa7642dc3c80	 p__Chordata	 Actinopteri	 Scombriformes	 Scombridae	 Rastrelliger		0.998559471414203	0	0	0	0	75	43	0	0	0	0	0	0	0	26	0	0	0	0	0	0	0	41	0	0	0	0	0	0	0	0	0	0	0	72	0	145	0	0	0	0	0	418	90	203	0	0	0	0	0	0	0	0	0	0	0	0	0	0	0
82d197a201524ad70dba9581c6b0b2eb	 p__Chordata	 Actinopteri	 Salmoniformes	 Salmonidae	 Oncorhynchus	kisutch	0.988899819775214	39	0	0	0	0	0	0	0	0	0	0	0	0	0	0	0	11	0	0	0	11	0	0	85	7	56	244	0	0	0	15	132	179	151	8	11	0	0	0	18	0	25	18	0	0	0	16	0	0	0	0	0	0	0	34	0	23	11	0
972a64d72b310475e7f7d03fd88f16e6	 p__Chordata	 Actinopteri	 Perciformes	 Cottidae	 Enophrys	bison	0.990702826773443	0	0	0	0	0	30	108	21	0	0	0	0	0	202	0	102	0	0	0	0	0	0	162	76	0	0	0	83	0	0	20	0	0	0	0	0	0	0	0	0	0	0	0	0	0	0	0	0	0	0	0	0	0	0	0	0	9	0	181
a887b2f7fcd44b54c767a72ef1fdb3bd	 p__Chordata	 Actinopteri	 Perciformes	 Pholidae	 Pholis		0.998014051117627	0	0	0	0	0	0	0	0	959	0	0	0	0	0	0	0	0	0	0	0	0	0	0	0	0	0	0	0	0	0	0	0	0	0	0	0	0	0	0	0	0	0	0	0	0	0	0	0	0	0	0	0	0	0	0	0	0	0	0
9563941ce4db4b5a15c57819f4945451	 p__Chordata	 Actinopteri	 Salmoniformes	 Salmonidae	 Oncorhynchus		0.819049259150896	0	0	0	0	25	41	57	31	36	48	30	37	0	0	0	0	0	86	146	214	0	0	0	0	0	0	46	0	20	0	0	0	0	0	0	0	0	0	20	0	0	0	0	0	0	0	0	0	0	0	0	0	0	0	0	0	100	0	0
736beb065b3632b774c90a2c0526f507	 p__Chordata	 Actinopteri	 Perciformes	 Pholidae	 Pholis		0.998245561583726	0	0	0	0	0	0	0	0	0	0	0	0	0	0	0	0	0	0	0	0	0	0	0	0	0	0	0	0	0	0	0	0	0	47	0	0	0	0	0	0	0	448	21	321	0	0	0	0	0	0	0	0	0	39	0	0	0	0	0
03fbdff3efca35fa823e06a6f1826174	 p__Chordata	 Actinopteri	 Clupeiformes	 Clupeidae	 Alosa	sapidissima	0.991924105296812	0	0	0	0	0	0	0	0	0	0	0	0	0	0	0	0	0	0	0	0	0	0	0	0	0	0	0	0	0	0	0	0	0	0	0	0	0	0	0	0	0	0	839	0	0	0	0	0	0	0	0	0	0	0	0	0	0	0	0
f5bb3a7553a3e0729147c89e464b29d3	 p__Chordata	 Actinopteri	 Labriformes	 Labridae	 Tautogolabrus	adspersus	0.991118615827007	0	0	0	0	89	29	0	0	0	0	0	0	0	0	0	0	0	0	0	0	0	0	0	0	0	0	0	0	0	0	0	0	0	0	0	191	0	0	0	0	0	0	90	401	0	0	0	0	0	0	0	0	0	26	0	0	0	0	0
093cbb97253cb6ed3ff426ac2bcaa5cb	 p__Chordata	 Actinopteri	 Gadiformes	 Gadidae	 Gadus		0.99997705818447	0	0	0	0	0	0	282	0	0	0	11	5	0	0	0	0	0	0	0	0	0	0	0	0	0	0	0	0	0	330	186	0	0	0	0	0	0	0	0	0	0	0	0	0	0	0	0	0	0	0	0	0	0	0	0	0	0	0	0
d9b47d9aaed6209f3c81278d71ce4c7b	 p__Chordata	 Actinopteri	 Perciformes	 Aulorhynchidae	 Aulorhynchus	flavidus	0.999999887960221	0	0	0	0	0	48	37	0	5	162	186	255	0	0	0	4	0	0	0	0	0	0	0	0	0	0	0	0	0	0	0	0	0	0	0	0	0	0	0	0	0	0	0	0	0	0	0	0	0	0	0	0	0	0	0	0	0	0	0
de327441dc701f7b47d65ca1f6faf87c	 p__Chordata	 Actinopteri	 Perciformes	 Sebastidae	 Sebastes	cheni	0.714652753326798	0	0	0	0	0	0	0	0	601	82	0	0	0	0	0	0	0	0	0	0	0	0	0	0	0	0	0	0	0	0	0	0	0	0	0	0	0	0	0	0	0	0	0	0	0	0	0	0	0	0	0	0	0	0	0	0	0	0	0
fc4aa16810635452d278a21b350bbc5a	 p__Chordata	 Actinopteri	 Salmoniformes	 Salmonidae	 Salvelinus		0.834568168015879	0	0	0	0	0	0	0	0	0	0	0	0	548	0	0	0	0	0	0	0	0	0	0	47	0	0	0	0	0	0	0	0	0	0	0	0	0	0	0	0	0	0	0	0	0	0	0	0	0	0	0	0	0	0	0	0	0	0	0
086c7e2e2de4106da172400808b482a6	 p__Chordata	 Actinopteri	 Salmoniformes	 Salmonidae			0.999999999163249	0	0	0	0	0	0	0	0	0	0	0	0	0	0	240	38	0	0	0	0	0	0	0	0	0	0	0	0	0	0	0	0	0	0	0	0	0	19	0	0	0	0	0	0	12	20	0	42	26	48	60	0	0	54	0	0	0	0	0
2df02d4373b31365cd5fb2ac65a71227	 p__Chordata	 Actinopteri	 Pleuronectiformes	 Pleuronectidae			0.999999999995664	0	0	0	449	0	0	0	0	0	0	0	0	0	0	0	0	0	0	0	0	0	0	0	0	0	0	0	101	0	0	0	0	0	0	0	0	0	0	0	0	0	0	0	0	0	2	0	0	0	0	0	0	0	0	0	0	0	0	0
f74beb87d2cbc1dfd6fa6f7b34c24561	 p__Chordata	 Actinopteri	 Salmoniformes	 Salmonidae	 Salvelinus	curilus	0.907138069500768	0	0	0	0	0	0	0	0	0	0	0	0	0	0	0	0	0	0	0	0	0	0	0	0	0	0	0	0	0	0	0	142	172	204	4	0	0	0	0	0	8	0	0	0	0	0	0	0	0	0	0	0	0	0	0	0	0	0	0
0761814ef1395e674c12f4e0d7e5deb9	 p__Chordata	 Actinopteri	 Labriformes	 Labridae	 Tautogolabrus	adspersus	0.988385845235015	0	0	0	0	0	0	0	0	0	0	0	0	0	0	0	0	0	0	0	0	0	0	0	0	0	0	0	0	0	0	0	0	0	0	0	0	0	0	0	0	0	0	0	514	0	0	0	0	0	0	0	0	0	0	0	0	0	0	0
6ef40f271eb6251d04e861e6a7c719b8	 p__Chordata	 Actinopteri	 Scombriformes	 Scombridae	 Rastrelliger	brachysoma	0.885629822300693	0	0	0	0	66	0	0	0	0	0	0	0	0	0	0	0	0	0	0	0	0	0	0	0	0	0	0	0	0	0	0	0	0	28	0	65	0	0	0	0	0	184	54	71	0	0	0	0	0	0	0	0	0	0	0	0	0	0	0
d375a714bebfff2179e8faf6c395da4c	 p__Chordata	 Actinopteri	 Perciformes	 Cottidae	 Myoxocephalus	polyacanthocephalus	0.960800966437679	0	0	0	0	0	25	133	54	0	0	57	0	0	128	0	49	0	0	0	0	0	0	0	16	0	0	0	0	0	0	0	0	0	0	0	0	0	0	0	0	0	0	0	0	0	0	0	0	0	0	0	0	0	0	0	0	0	0	0
299048dc7270729c57ca559454cfecc4	 p__Chordata	 Actinopteri	 Gadiformes	 Gadidae	 Gadus		0.999977125895499	0	0	178	249	0	0	0	0	0	0	0	0	0	0	0	0	0	0	0	0	0	0	0	0	0	0	0	27	0	0	0	0	0	0	0	0	0	0	0	0	0	0	0	0	0	0	0	0	0	0	0	0	0	3	0	0	0	0	0
e38aeb7c0494fe9e8c3ad33c1d6381c7	 p__Chordata	 Actinopteri	 Perciformes	 Sebastidae	 Sebastes		0.758587464993591	0	0	0	0	0	0	0	0	0	0	31	108	0	125	50	0	0	0	0	0	0	0	0	0	10	0	0	31	0	0	0	0	0	0	0	0	0	0	0	0	0	0	0	0	0	0	0	0	0	0	0	0	0	0	0	0	0	0	97
e9406f1727803eb4e6bd5857f8bdaf7a	 p__Chordata	 Actinopteri	 Anguilliformes	 Anguillidae	 Anguilla	bicolor pacifica	0.981127251805622	0	0	0	0	0	0	0	0	0	0	0	0	0	0	0	0	0	0	0	0	0	0	0	0	0	0	0	0	0	0	0	0	0	0	0	0	0	0	173	0	0	0	0	0	0	0	0	0	0	265	0	0	0	0	0	0	0	0	0
a9fd6fca151879171c192acacbfcbf5c	 p__Chordata	 Actinopteri	 Perciformes	 Cottidae	 Taurocottus	bergii	0.837662564865208	0	0	0	0	0	0	0	0	0	0	0	0	0	0	94	0	0	0	0	0	0	144	36	45	0	0	0	0	0	58	39	0	0	0	0	0	0	0	0	0	0	0	0	0	0	0	0	0	0	0	0	0	0	0	0	0	0	0	0
b8f361a0bbb3e88b7b0dccf60aa569d3	 p__Chordata	 Actinopteri	 Perciformes	 Hexagrammidae	 Hexagrammos	agrammus	0.729205619744175	0	0	0	0	0	10	0	32	0	0	0	0	0	270	0	10	0	0	0	0	0	0	0	0	0	0	0	74	0	0	0	0	0	0	0	0	0	0	0	0	0	0	0	0	0	0	0	0	0	0	0	0	0	0	0	0	0	0	0
be9e0b4caa3eb3711633461cdb60174a	 p__Chordata	 Actinopteri	 Salmoniformes	 Salmonidae	 Oncorhynchus		0.875319045279641	0	0	0	0	0	0	0	0	0	0	0	0	0	0	0	0	0	0	0	0	0	0	0	0	0	0	0	0	0	0	0	52	48	49	0	0	0	0	0	0	0	0	0	0	0	22	0	45	43	42	0	49	0	40	0	0	0	0	0
6d1dcac39452895eb5b41957b4d95f0a	 p__Chordata	 Actinopteri	 Scombriformes	 Scombridae	 Rastrelliger		0.997256734010535	0	0	0	0	0	0	0	0	0	0	0	0	0	0	0	379	0	0	0	0	0	0	0	0	0	0	0	0	0	0	0	0	0	0	0	0	0	0	0	0	0	0	0	0	0	0	0	0	0	0	0	0	0	0	0	0	0	0	0
2dd39e84ee62caff0b6567f3e47ba73d	 p__Chordata	 Actinopteri	 Perciformes	 Hexagrammidae	 Hexagrammos		0.814791125812624	0	0	0	0	0	0	157	50	0	0	0	0	0	0	66	0	0	0	0	0	0	0	0	0	0	0	0	25	0	16	45	0	0	0	0	0	0	0	0	0	0	0	0	0	0	0	0	0	0	0	0	0	0	0	0	0	0	0	11
4bdde1b9c9143c5bbc037c1c914945d1	 p__Chordata	 Actinopteri	 Perciformes	 Pholidae	 Pholis	ornata	0.963931371113863	0	0	0	0	0	49	0	41	0	0	0	0	0	0	220	0	0	0	0	0	0	0	0	0	0	0	0	0	0	0	0	0	0	0	0	0	49	0	0	0	0	0	0	0	0	0	0	0	0	0	0	0	0	0	0	0	0	0	0
abcf5ede977bcff7850e6718a18b1c32	 p__Chordata	 Aves	 Anseriformes	 Anatidae	 Anas	zonorhyncha	0.99999998444153	0	0	0	5	0	0	0	0	0	0	0	0	0	0	35	0	0	0	0	0	0	0	0	0	0	0	0	0	0	0	0	0	0	0	0	0	0	0	0	0	0	0	308	0	0	0	0	0	0	0	0	0	0	0	0	0	0	0	0
f63bfe2979c541aef7b75e7a83685d73	 p__Chordata	 Actinopteri	 Scombriformes	 Scombridae	 Rastrelliger		0.998277476346647	0	0	0	0	0	0	0	0	0	0	0	0	0	0	0	0	338	0	0	0	0	0	0	0	0	0	0	0	0	0	0	0	0	0	0	0	0	0	0	0	0	0	0	0	0	0	0	0	0	0	0	0	0	0	0	0	0	0	0
71666ca80d4b3ee68256be273c240e76	 p__Chordata	 Actinopteri	 Clupeiformes	 Clupeidae	 Alosa	sapidissima	0.992904030075399	0	0	0	0	0	0	0	0	0	0	0	0	0	0	0	0	0	0	0	0	0	0	0	0	0	0	0	0	0	0	0	0	0	0	0	0	0	0	0	0	0	0	334	0	0	0	0	0	0	0	0	0	0	0	0	0	0	0	0
97b93e9b064588821249286464782ffa	 p__Chordata	 Actinopteri	 Perciformes	 Cottidae	 Artedius	harringtoni	0.999999672309212	0	0	0	0	0	0	0	0	0	0	0	0	0	0	0	0	0	0	0	0	0	0	0	0	0	0	0	0	0	0	0	0	0	0	0	0	0	0	291	0	0	0	0	0	0	0	0	0	0	0	0	0	0	0	0	0	0	0	0
8908dd490fac683f9dc514a34d73e609	 p__Chordata	 Actinopteri	 Perciformes				0.999999995630908	0	0	0	0	0	0	51	50	0	0	19	0	0	0	72	22	0	0	0	0	0	0	0	0	0	0	0	27	0	0	0	0	0	0	0	0	0	31	9	0	0	0	0	0	0	0	0	0	0	0	0	0	0	0	0	0	0	0	0
30201c79d8ff9fb2bb377052a93f7143	 p__Chordata	 Actinopteri	 Salmoniformes	 Salmonidae	 Salvelinus		0.759356201121828	0	0	0	0	0	0	0	0	0	0	0	0	0	0	0	0	0	0	0	0	276	0	0	0	0	0	0	0	0	0	0	0	0	0	0	0	0	0	0	0	0	0	0	0	0	0	0	0	0	0	0	0	0	0	0	0	0	0	0
8d669564a4474a68763018b50e95e155	 p__Chordata	 Actinopteri	 Perciformes	 Stichaeidae	 Lumpenus	sagitta	0.903098458891517	0	0	0	0	0	0	86	37	0	0	0	0	0	0	0	0	0	0	0	0	0	0	68	69	0	0	0	0	0	0	0	0	0	0	0	0	0	0	0	0	0	0	0	0	0	0	0	0	0	0	0	0	0	0	0	0	0	0	0
282ea87d691b16e07f1a996d4904c65f	 p__Chordata	 Actinopteri	 Clupeiformes	 Clupeidae	 Alosa	sapidissima	0.994138317268339	0	0	0	0	0	0	0	0	0	0	0	0	0	260	0	0	0	0	0	0	0	0	0	0	0	0	0	0	0	0	0	0	0	0	0	0	0	0	0	0	0	0	0	0	0	0	0	0	0	0	0	0	0	0	0	0	0	0	0
acb5819c8abfde4d7ab43742dbf3c9a9	 p__Chordata	 Actinopteri	 Perciformes	 Cottidae	 Icelinus	borealis	0.999995197219954	0	0	0	0	0	82	125	45	0	0	0	0	0	0	0	0	0	0	0	0	0	0	0	0	0	0	0	0	0	0	0	0	0	0	0	0	0	0	0	0	0	0	0	0	0	0	0	0	0	0	0	0	0	0	0	0	0	0	0
c2c5e318efa4599536a03b053d4fdaf9	 p__Chordata	 Actinopteri	 Clupeiformes	 Clupeidae	 Sardinops	melanostictus	0.999998518663321	0	0	0	0	0	0	0	0	0	0	0	0	0	0	0	0	0	0	0	0	0	0	0	0	0	0	0	0	0	0	0	0	0	0	0	0	0	0	0	0	0	0	0	45	0	0	0	26	54	62	33	6	0	19	0	0	0	0	0
e2b5ac591d1f890ba70dc0cfa277e71e	 p__Chordata	 Mammalia	 Primates	 Hominidae	 Homo	sapiens	0.998645834481536	0	0	0	0	0	0	223	0	0	0	0	0	0	0	0	0	0	0	0	0	0	0	0	0	0	0	0	0	0	0	0	0	0	0	0	0	0	0	0	0	0	0	0	0	0	0	0	0	0	0	0	0	0	0	0	0	0	0	0
c3b3844ac25bd6f7b608958a69f79919	 p__Chordata	 Actinopteri	 Pleuronectiformes	 Pleuronectidae			0.999999999985618	0	0	0	0	0	16	59	0	0	55	0	0	0	0	0	13	0	0	0	0	0	0	0	0	0	0	0	0	0	27	5	0	0	0	0	0	0	0	0	0	0	0	0	0	0	0	0	0	0	0	0	0	0	0	47	0	0	0	0
eeaf4b039ff01357f8082814100de117	 p__Chordata	 Actinopteri	 Perciformes	 Cottidae	 Artedius	lateralis	0.999998707007802	0	0	0	0	0	0	21	0	0	0	19	13	0	112	0	0	0	0	0	0	0	0	0	0	0	0	0	0	0	0	12	0	0	0	0	0	37	0	0	0	0	0	0	0	0	0	0	0	0	0	0	0	0	0	0	0	0	0	0
4fb35d136a6e3fc82b9310d842f73a36	 p__Chordata	 Actinopteri	 Labriformes	 Labridae	 Tautogolabrus	adspersus	0.979222326826853	0	0	0	0	0	0	0	0	0	0	0	0	0	0	0	0	212	0	0	0	0	0	0	0	0	0	0	0	0	0	0	0	0	0	0	0	0	0	0	0	0	0	0	0	0	0	0	0	0	0	0	0	0	0	0	0	0	0	0
7c311cbec10718ed55f3b8d1903ead4a	 p__Chordata	 Actinopteri	 Gobiiformes	 Gobiidae	 Lepidogobius	lepidus	0.999999953990682	0	0	0	0	0	0	0	45	0	0	75	20	0	0	0	0	0	0	0	0	0	0	59	0	0	0	0	0	0	5	0	0	0	0	0	0	0	0	0	0	0	0	0	0	0	0	0	0	0	0	0	0	0	0	0	0	0	0	0
84560bb9bb8794ff3c3894c5931a0a02	 p__Chordata	 Actinopteri	 Perciformes	 Cottidae	 Scorpaenichthys	marmoratus	0.863869787062051	0	0	0	0	0	48	80	15	0	0	0	0	0	0	0	42	0	0	0	0	0	0	0	0	0	0	0	0	0	0	0	0	0	0	0	0	0	0	0	0	0	0	0	0	0	0	0	0	0	0	0	0	0	0	0	0	0	0	0
849437fe5a55c2f83fb6944b362d7d98	 p__Chordata	 Actinopteri	 Perciformes	 Pholidae	 Pholis	ornata	0.89439194084277	0	0	0	0	0	0	0	97	0	0	0	0	0	0	0	0	0	0	0	0	0	0	0	83	0	0	0	0	0	0	0	0	0	0	0	0	0	0	0	0	0	0	0	0	0	0	0	0	0	0	0	0	0	0	0	0	0	0	0
6f12d9fa02952b0c4bd9e829ec60f3f0	 p__Chordata	 Actinopteri	 Perciformes	 Pholidae	 Pholis		0.998041689511291	0	0	0	0	0	0	0	0	0	0	0	0	0	0	0	0	0	0	0	0	0	0	0	0	0	0	0	0	0	0	0	0	0	0	0	0	0	0	0	0	0	0	0	0	0	0	0	0	0	0	0	179	0	0	0	0	0	0	0
05d57a59b23e55814fa4a24c14392160	 p__Chordata	 Actinopteri	 Scombriformes	 Scombridae	 Rastrelliger		0.998609642570067	0	0	0	0	0	0	0	0	0	0	0	0	0	0	0	0	0	0	0	0	0	0	0	0	0	0	0	0	0	0	0	0	0	0	0	0	0	0	0	0	0	0	0	0	0	0	170	0	0	0	0	0	0	0	0	0	0	0	0
0a8189b55915a29c99b7bd43ece4c2f5	 p__Chordata	 Actinopteri	 Salmoniformes	 Salmonidae			0.999999998890431	0	0	0	0	0	0	0	0	0	0	0	0	0	0	0	0	0	0	0	0	157	0	0	0	0	0	0	0	0	0	0	0	0	0	0	0	0	0	0	0	0	0	0	0	0	0	0	0	0	0	0	0	0	0	0	0	0	0	0
1b7278eea35362c7b291b09060f89f8b	 p__Chordata	 Actinopteri	 Uranoscopiformes	 Ammodytidae	 Ammodytes		0.99999999561322	0	0	0	8	0	0	0	96	0	0	0	0	0	0	0	22	0	0	0	0	0	0	0	30	0	0	0	0	0	0	0	0	0	0	0	0	0	0	0	0	0	0	0	0	0	0	0	0	0	0	0	0	0	0	0	0	0	0	0
02f225060afc1c3d958453508ddf900b	 p__Chordata	 Actinopteri	 Clupeiformes	 Clupeidae	 Alosa	sapidissima	0.970991455018467	0	0	0	0	0	0	0	0	0	0	0	0	0	0	0	0	0	0	0	0	0	0	0	0	0	0	0	0	0	0	0	0	0	0	0	0	0	0	0	0	0	0	0	0	0	0	0	0	0	0	0	0	0	143	0	0	0	0	0
ab75d69e8919838f7f5c299feebbc6c9	 p__Chordata	 Actinopteri	 Perciformes	 Sebastidae	 Sebastes		0.945062034203405	0	0	0	0	0	0	0	0	0	0	0	0	0	0	133	0	0	0	0	0	0	0	0	0	0	0	0	0	0	0	0	0	0	0	0	0	0	0	0	0	0	0	0	0	0	0	0	0	0	0	0	0	0	0	0	0	0	0	0
e23dcdf9660fe6d488615c33a7f51c92	 p__Chordata	 Actinopteri	 Perciformes				0.999999989144112	0	0	0	0	0	82	0	0	0	0	0	0	0	0	0	29	0	0	0	0	0	0	0	0	0	0	0	0	0	0	0	0	0	0	0	0	11	0	0	0	0	0	0	0	0	0	0	0	0	0	0	0	0	0	0	0	0	0	0
1c391fc1854ff67ce06c6f1016bbb3e9	 p__Chordata	 Actinopteri	 Perciformes	 Cottidae	 Artedius	lateralis	0.999979980797547	0	0	0	0	0	0	0	0	0	116	0	0	0	0	0	0	0	0	0	0	0	0	0	0	0	0	0	0	0	0	0	0	0	0	0	0	0	0	0	0	0	0	0	0	0	0	0	0	0	0	0	0	0	0	0	0	0	0	0
95dc2d418d7fe02dacc8ae64b219e167	 p__Chordata	 Actinopteri	 Clupeiformes	 Clupeidae	 Sardinops	melanostictus	0.999998490086714	0	0	0	0	0	0	0	0	0	0	0	0	0	0	0	0	0	0	0	0	0	0	0	0	0	0	0	0	0	0	0	0	0	0	0	0	0	0	0	0	0	0	0	26	0	0	0	28	0	17	24	0	0	21	0	0	0	0	0
6241d16741acafb2d7ec938872fb7283	 p__Chordata	 Actinopteri	 Scombriformes	 Scombridae			0.709680617515399	0	0	0	0	11	4	0	0	0	0	0	0	0	0	0	0	0	0	0	0	0	0	0	0	0	0	0	0	0	0	0	0	0	0	0	22	0	0	0	0	0	37	8	23	0	0	0	0	0	0	0	0	0	0	0	0	0	0	0
a20bf3aa83de91ec0e54d40f5eb5077b	 p__Chordata	 Aves	 Passeriformes	 Corvidae	 Corvus	macrorhynchos	0.9915740649861	0	0	0	0	0	0	0	0	0	0	0	0	0	0	0	0	0	0	0	0	0	0	0	0	0	0	0	0	0	0	0	0	0	0	0	91	0	2	0	0	7	0	0	0	0	0	0	0	0	0	0	0	0	0	0	0	0	0	0
472c6324b211045b1a58d2ec0db21c5d	 p__Chordata	 Actinopteri	 Blenniiformes				0.964562228337411	0	0	0	0	0	0	0	0	0	0	0	0	0	0	0	0	0	0	0	0	0	0	0	0	0	0	0	0	0	0	0	0	0	0	0	0	0	0	0	0	0	0	0	0	0	0	0	0	0	0	0	0	0	0	0	0	0	0	96
483509c26a44cbd1b365c6be13b9074c	 p__Chordata	 Actinopteri	 Perciformes	 Liparidae	 Polypera	greeni	0.999995019618435	0	0	0	0	0	0	0	90	0	0	0	0	0	0	0	0	0	0	0	0	0	0	0	0	0	0	0	0	0	0	0	0	0	0	0	0	0	0	0	0	0	0	0	0	0	0	0	0	0	0	0	0	0	0	0	0	0	0	0
1f1bc341be31fb0a7e87df410823f63e	 p__Chordata						1.00000000000001	0	0	0	0	0	0	0	0	0	0	0	0	0	0	0	0	0	0	0	0	0	0	0	0	0	6	0	0	0	0	0	0	0	0	0	0	0	0	0	0	0	0	0	0	0	0	0	5	6	6	14	13	0	40	0	0	0	0	0
235e5d8bcb57fc094f989cead0dbd467	 p__Chordata	 Actinopteri	 Blenniiformes	 Gobiesocidae	 Gobiesox	maeandricus	0.999999999908226	0	0	0	0	0	0	0	0	0	0	0	0	0	0	66	0	0	0	0	0	0	0	0	0	0	0	0	20	0	0	0	0	0	0	0	0	0	0	0	0	0	0	0	0	0	3	0	0	0	0	0	0	0	0	0	0	0	0	0
67cbbfb4b41f46e51aeb2b71aa2a790d	 p__Chordata	 Actinopteri	 Clupeiformes	 Clupeidae	 Sardinops	melanostictus	0.999998400220776	0	0	0	0	0	0	0	0	0	0	0	0	0	0	0	0	0	0	0	0	0	0	0	0	0	0	0	0	0	0	0	0	0	0	0	0	0	0	0	0	0	0	0	0	88	0	0	0	0	0	0	0	0	0	0	0	0	0	0
61276be96c899296d37fa61bececb902	 p__Chordata	 Actinopteri	 Perciformes	 Cottidae	 Cottus	beldingii	0.800217695375301	0	0	0	0	0	0	0	0	0	0	0	0	0	0	0	0	0	0	0	0	0	0	0	85	0	0	0	0	0	0	0	0	0	0	0	0	0	0	0	0	0	0	0	0	0	0	0	0	0	0	0	0	0	0	0	0	0	0	0
f80d79be57d052cb3053cd4e76aa05a6	 p__Chordata	 Actinopteri	 Syngnathiformes	 Syngnathidae	 Syngnathus	leptorhynchus	0.999999999795747	0	0	0	0	0	0	0	0	0	0	8	0	0	0	0	0	0	0	0	0	0	0	37	0	0	0	0	0	0	6	0	0	0	0	0	0	31	0	0	0	0	0	0	0	0	0	0	0	0	0	0	0	0	0	0	0	0	0	0
461158f7d69054f44ff1f46f1eebcc53	 p__Chordata	 Actinopteri	 Myctophiformes	 Myctophidae	 Diaphus	theta	0.999999001586205	0	0	56	23	0	0	0	0	0	0	0	0	0	0	0	0	0	0	0	0	0	0	0	0	0	0	0	2	0	0	0	0	0	0	0	0	0	0	0	0	0	0	0	0	0	0	0	0	0	0	0	0	0	0	0	0	0	0	0
337e6407802e0ca3c66a75529d71a70d	 p__Chordata	 Actinopteri	 Gobiiformes	 Gobiidae	 Clevelandia	ios	0.999999989542033	0	0	0	0	0	0	0	0	0	0	0	0	0	0	0	0	0	0	0	0	0	0	25	55	0	0	0	0	0	0	0	0	0	0	0	0	0	0	0	0	0	0	0	0	0	0	0	0	0	0	0	0	0	0	0	0	0	0	0
9b86cf6b3d0491aae37ec90742c9649e	 p__Chordata	 Actinopteri	 Perciformes	 Liparidae	 Liparis	cyclopus	0.999872494458505	0	0	0	0	0	0	0	0	0	0	11	0	0	31	0	0	0	0	0	0	0	0	31	0	0	0	0	0	0	0	0	0	0	0	0	0	0	0	0	0	0	0	0	0	0	2	0	0	0	0	0	0	0	0	0	0	0	0	0
147ba784f9bec539c95ed4c758bd6821	 p__Chordata	 Actinopteri	 Scombriformes	 Scombridae	 Rastrelliger		0.99453907762006	0	0	0	0	0	0	0	0	0	0	0	0	0	0	75	0	0	0	0	0	0	0	0	0	0	0	0	0	0	0	0	0	0	0	0	0	0	0	0	0	0	0	0	0	0	0	0	0	0	0	0	0	0	0	0	0	0	0	0
baaeff9bb05e595fab82117fcbfe20f0	 p__Chordata	 Actinopteri	 Perciformes	 Pholidae	 Pholis	ornata	0.863088171247184	0	0	0	0	0	0	0	0	0	0	0	0	0	71	0	0	0	0	0	0	0	0	0	0	0	0	0	0	0	0	0	0	0	0	0	0	0	0	0	0	0	0	0	0	0	0	0	0	0	0	0	0	0	0	0	0	0	0	0
95624c4b9ef3577cac9af388d9db16c6	 p__Chordata	 Actinopteri	 Perciformes	 Stichaeidae	 Xiphister		0.970225293770662	0	0	0	0	0	0	69	0	0	0	0	0	0	0	0	0	0	0	0	0	0	0	0	0	0	0	0	0	0	0	0	0	0	0	0	0	0	0	0	0	0	0	0	0	0	0	0	0	0	0	0	0	0	0	0	0	0	0	0
15dafcc14e740c03cd30274d3344c5cb	 p__Chordata	 Actinopteri	 Perciformes	 Agonidae	 Nautichthys	oculofasciatus	0.999991029841867	0	0	0	0	0	0	0	0	0	0	14	0	0	0	0	0	0	0	0	0	0	0	0	0	0	0	0	0	0	0	53	0	0	0	0	0	0	0	0	0	0	0	0	0	0	0	0	0	0	0	0	0	0	0	0	0	0	0	0
1e8d3e6e7f01947a58ac3cc9aca60a2c	 p__Chordata	 Actinopteri	 Perciformes	 Cottidae	 Triglops	pingelii	0.999991393265963	0	0	0	0	0	0	65	0	0	0	0	0	0	0	0	0	0	0	0	0	0	0	0	0	0	0	0	0	0	0	0	0	0	0	0	0	0	0	0	0	0	0	0	0	0	0	0	0	0	0	0	0	0	0	0	0	0	0	0
adc1e1c939b44ddaa4c6f2a05b64080a	 p__Chordata	 Actinopteri	 Perciformes	 Cryptacanthodidae	 Cryptacanthodes	giganteus	0.789840168025243	0	0	0	0	0	0	0	62	0	0	0	0	0	0	0	0	0	0	0	0	0	0	0	0	0	0	0	0	0	0	0	0	0	0	0	0	0	0	0	0	0	0	0	0	0	0	0	0	0	0	0	0	0	0	0	0	0	0	0
60fc6397f35a2404a66e5ae7d79fa869	 p__Chordata	 Actinopteri	 Perciformes	 Stichaeidae			0.969544947488478	0	0	0	0	0	0	0	0	0	0	0	0	0	0	0	0	0	0	0	0	0	0	0	0	0	0	0	0	0	0	0	0	0	0	60	0	0	0	0	0	0	0	0	0	0	0	0	0	0	0	0	0	0	0	0	0	0	0	0
e2b3c333dd4977f92c8f2e0d6ad9d4ab	 p__Chordata	 Actinopteri	 Perciformes				0.999997235933114	0	0	0	0	0	7	0	0	0	0	0	0	0	51	0	0	0	0	0	0	0	0	0	0	0	0	0	0	0	0	0	0	0	0	0	0	0	0	0	0	0	0	0	0	0	0	0	0	0	0	0	0	0	0	0	0	0	0	0
6edc88f63b197ecbe1e4dcb2f4ae98c1	 p__Chordata	 Mammalia	 Primates	 Hominidae	 Homo	sapiens	0.999775102284156	0	0	0	0	0	0	0	0	0	0	0	0	0	0	0	0	0	0	0	0	0	0	0	0	0	0	0	0	0	0	0	0	0	0	0	0	0	58	0	0	0	0	0	0	0	0	0	0	0	0	0	0	0	0	0	0	0	0	0
4c70ede60f2cf48d00c31db7c07ecc2e	 p__Chordata	 Actinopteri					0.704583051360838	16	0	0	0	0	0	0	0	0	0	0	0	0	0	0	0	0	0	0	0	0	0	0	0	0	0	0	0	0	0	0	0	0	0	0	0	0	0	0	0	0	0	0	0	0	0	0	13	18	0	7	0	0	0	0	0	0	0	0
37808a4e4e3a5c4ca9821bb3c2a1348e	 p__Chordata	 Actinopteri	 Scombriformes	 Scombridae	 Rastrelliger		0.998309897045414	0	0	0	0	0	15	0	0	0	0	0	25	0	0	0	0	0	0	0	0	0	0	0	0	0	0	0	0	0	0	0	0	0	0	0	0	0	14	0	0	0	0	0	0	0	0	0	0	0	0	0	0	0	0	0	0	0	0	0
5e0130fbb9830ef635e40c7d0cb11b9f	 p__Chordata	 Actinopteri	 Perciformes	 Agonidae	 Bathyagonus		0.861894475500954	0	0	0	0	0	0	0	0	0	0	0	0	0	0	0	53	0	0	0	0	0	0	0	0	0	0	0	0	0	0	0	0	0	0	0	0	0	0	0	0	0	0	0	0	0	0	0	0	0	0	0	0	0	0	0	0	0	0	0
4e1e843ca740e60e2e8a0a4577239966	 p__Chordata	 Actinopteri	 Perciformes	 Stichaeidae	 Anoplarchus		0.998954299495925	0	0	0	0	0	0	52	0	0	0	0	0	0	0	0	0	0	0	0	0	0	0	0	0	0	0	0	0	0	0	0	0	0	0	0	0	0	0	0	0	0	0	0	0	0	0	0	0	0	0	0	0	0	0	0	0	0	0	0
582f73306664fa78af4d8dc8d5750496	 p__Chordata	 Actinopteri	 Perciformes	 Cottidae	 Cottus	beldingii	0.89134018407372	0	0	0	0	0	0	0	0	0	0	0	0	0	0	0	0	0	0	0	0	0	0	0	52	0	0	0	0	0	0	0	0	0	0	0	0	0	0	0	0	0	0	0	0	0	0	0	0	0	0	0	0	0	0	0	0	0	0	0
705d124a49c055170eb87b197dec3f26	 p__Chordata	 Actinopteri	 Perciformes	 Agonidae	 Blepsias	cirrhosus	0.968369191965694	0	0	0	0	0	0	0	0	0	0	0	0	0	0	0	0	0	0	0	0	0	0	0	0	0	0	0	0	0	0	0	0	0	0	0	0	0	52	0	0	0	0	0	0	0	0	0	0	0	0	0	0	0	0	0	0	0	0	0
e90ed8e93ac72f870318822e2cd09d17	 p__Chordata	 Actinopteri	 Perciformes	 Gasterosteidae	 Gasterosteus		0.902830336884298	0	0	0	0	0	0	0	0	0	0	0	0	0	0	0	0	0	0	0	0	0	0	0	0	0	0	0	0	0	0	0	0	0	0	0	0	0	0	0	0	0	0	0	0	0	0	0	0	0	0	0	0	0	0	52	0	0	0	0
8f9b4d277ca201a72728f4695877ebe2	 p__Chordata	 Actinopteri	 Salmoniformes	 Salmonidae	 Salvelinus		0.999632954572603	0	0	0	0	0	0	0	0	0	0	0	0	0	0	0	0	0	0	0	0	0	0	0	0	0	0	0	0	0	0	0	0	0	48	0	0	0	0	0	0	0	0	0	0	0	0	0	0	0	0	0	0	0	0	0	0	0	0	0
a1b9bcd92dde94850370f5384bdf66f9	 p__Chordata	 Actinopteri	 Clupeiformes	 Clupeidae	 Clupea	pallasii	0.999999999558398	0	0	0	0	0	0	0	0	0	0	0	0	0	0	0	0	0	0	0	0	0	0	0	0	0	0	0	0	0	0	0	0	0	0	0	0	0	0	0	0	0	19	29	0	0	0	0	0	0	0	0	0	0	0	0	0	0	0	0
ece106fa5eaa83f047b27df93666857d	 p__Chordata	 Actinopteri	 Perciformes	 Stichaeidae			0.999911410514439	0	0	0	0	0	0	46	0	0	0	0	0	0	0	0	0	0	0	0	0	0	0	0	0	0	0	0	0	0	0	0	0	0	0	0	0	0	0	0	0	0	0	0	0	0	0	0	0	0	0	0	0	0	0	0	0	0	0	0
e9b3d185f5714957b88f06acf8deac14	 p__Chordata	 Actinopteri	 Perciformes	 Cottidae	 Cottus		0.999864997948872	0	0	0	0	0	0	0	0	0	0	0	0	0	0	0	0	0	0	0	0	0	0	0	45	0	0	0	0	0	0	0	0	0	0	0	0	0	0	0	0	0	0	0	0	0	0	0	0	0	0	0	0	0	0	0	0	0	0	0
69c4c82ecc95757b9c832ce97d645a15	 p__Chordata	 Actinopteri	 Perciformes	 Cottidae	 Cottus		0.999978289765302	0	0	0	0	0	0	0	0	0	0	0	0	0	0	0	0	0	0	0	0	0	0	0	0	0	0	0	0	0	0	0	0	0	0	0	0	0	0	0	0	0	0	0	0	0	0	0	0	0	0	0	0	0	0	43	0	0	0	0
3ba9bfc1371873e05edeef193c84929c	 p__Chordata	 Actinopteri	 Perciformes	 Cottidae	 Oligocottus	maculosus	0.999916511401322	0	0	0	0	0	0	0	0	0	0	0	0	0	41	0	0	0	0	0	0	0	0	0	0	0	0	0	0	0	0	0	0	0	0	0	0	0	0	0	0	0	0	0	0	0	0	0	0	0	0	0	0	0	0	0	0	0	0	0
866200d00eb39df10997d9b5feabb0c3	 p__Chordata	 Mammalia	 Artiodactyla	 Cervidae	 Rangifer	tarandus	0.796460744721804	0	0	0	0	0	0	0	0	0	0	0	0	0	0	0	0	0	0	0	0	0	0	0	0	0	0	0	0	0	0	0	0	0	0	0	0	0	0	0	0	4	24	13	0	0	0	0	0	0	0	0	0	0	0	0	0	0	0	0
7eeace7a90bb2fcb9a0c8fc3547231b4	 p__Chordata	 Actinopteri	 Perciformes	 Cottidae	 Oligocottus	maculosus	0.976867265075436	0	0	0	0	0	0	40	0	0	0	0	0	0	0	0	0	0	0	0	0	0	0	0	0	0	0	0	0	0	0	0	0	0	0	0	0	0	0	0	0	0	0	0	0	0	0	0	0	0	0	0	0	0	0	0	0	0	0	0
53604bb36613c0218f87ee29b7314e7f	 p__Chordata	 Actinopteri	 Salmoniformes	 Salmonidae	 Oncorhynchus		0.765340017164803	0	0	0	0	0	0	0	0	0	0	0	0	0	0	0	0	0	0	0	0	0	0	0	0	0	0	0	0	0	0	0	0	0	0	0	0	0	0	0	0	0	0	0	0	0	0	0	0	0	39	0	0	0	0	0	0	0	0	0
23777ed6508ca72dd2549bd9ec93275d	 p__Chordata	 Actinopteri	 Pleuronectiformes	 Pleuronectidae			0.999999999960986	0	0	0	38	0	0	0	0	0	0	0	0	0	0	0	0	0	0	0	0	0	0	0	0	0	0	0	0	0	0	0	0	0	0	0	0	0	0	0	0	0	0	0	0	0	0	0	0	0	0	0	0	0	0	0	0	0	0	0
e63583e6427382d723dbc8ee26f05e60	 p__Chordata	 Actinopteri	 Pleuronectiformes	 Pleuronectidae			0.999999999912209	0	0	0	0	0	0	0	0	0	0	0	0	0	0	0	0	0	0	0	0	0	0	0	38	0	0	0	0	0	0	0	0	0	0	0	0	0	0	0	0	0	0	0	0	0	0	0	0	0	0	0	0	0	0	0	0	0	0	0
8a754db05ad456c7cad0fff0da5a1fd8	 p__Chordata	 Actinopteri	 Perciformes	 Cottidae	 Artedius	lateralis	0.999980621691244	0	0	0	0	0	0	0	0	0	0	0	0	0	0	0	0	0	0	0	0	0	0	0	0	0	0	0	0	0	0	0	0	0	0	0	0	38	0	0	0	0	0	0	0	0	0	0	0	0	0	0	0	0	0	0	0	0	0	0
177c957042685d9754bc317807aff7c6	 p__Chordata	 Actinopteri	 Syngnathiformes	 Syngnathidae	 Syngnathus	leptorhynchus	0.999999997234582	0	0	0	0	0	0	0	0	0	0	0	0	0	0	0	0	0	0	0	0	0	0	0	0	0	0	0	0	0	0	0	0	0	0	0	0	37	0	0	0	0	0	0	0	0	0	0	0	0	0	0	0	0	0	0	0	0	0	0
965dcaaaf38fcc226ca55d6c2aef385a	 p__Chordata	 Actinopteri	 Perciformes	 Gasterosteidae			0.99952726526396	0	0	0	0	0	0	0	0	0	0	0	0	0	0	0	0	0	0	0	0	0	0	0	0	0	0	0	0	0	0	0	0	0	0	0	0	0	0	0	0	0	37	0	0	0	0	0	0	0	0	0	0	0	0	0	0	0	0	0
02638842e2056a7e35d027cb13c027dc	 p__Chordata	 Actinopteri	 Uranoscopiformes	 Ammodytidae	 Ammodytes		0.999999721940553	0	0	0	0	0	0	36	0	0	0	0	0	0	0	0	0	0	0	0	0	0	0	0	0	0	0	0	0	0	0	0	0	0	0	0	0	0	0	0	0	0	0	0	0	0	0	0	0	0	0	0	0	0	0	0	0	0	0	0
2b3c407a697c06268918a55ce5616e71	 p__Chordata	 Actinopteri	 Perciformes	 Cottidae	 Hemilepidotus	papilio	0.925658261721704	0	0	0	0	0	0	0	27	0	0	0	9	0	0	0	0	0	0	0	0	0	0	0	0	0	0	0	0	0	0	0	0	0	0	0	0	0	0	0	0	0	0	0	0	0	0	0	0	0	0	0	0	0	0	0	0	0	0	0
2bfd2045b173e979d1abf4cbeab871de	 p__Chordata	 Aves	 Anseriformes	 Anatidae	 Anas	zonorhyncha	0.999523956713966	0	0	0	0	0	0	0	0	0	0	0	0	0	0	0	0	0	0	0	0	0	0	0	0	0	0	0	0	0	0	0	0	0	0	0	0	16	20	0	0	0	0	0	0	0	0	0	0	0	0	0	0	0	0	0	0	0	0	0
1eb3b6c204aa3ad6a31c1c8eef9c293f	 p__Chordata	 Actinopteri	 Perciformes	 Stichaeidae	 Anoplarchus		0.999599181194827	0	0	0	0	0	0	0	35	0	0	0	0	0	0	0	0	0	0	0	0	0	0	0	0	0	0	0	0	0	0	0	0	0	0	0	0	0	0	0	0	0	0	0	0	0	0	0	0	0	0	0	0	0	0	0	0	0	0	0
3f66bc1395ee9969902d2532867fb0e4	 p__Chordata	 Actinopteri	 Clupeiformes	 Clupeidae	 Sardinops	melanostictus	0.999997879258306	0	0	0	0	0	0	0	0	0	0	0	0	0	0	0	0	0	0	0	0	0	0	0	0	0	0	0	0	0	0	0	0	0	0	0	0	0	0	0	0	0	0	0	0	0	34	0	0	0	0	0	0	0	0	0	0	0	0	0
0953f26aa448e10b6e53f2ad5a6276db	 p__Chordata	 Actinopteri	 Perciformes	 Zoarcidae			0.999378894679478	0	0	30	3	0	0	0	0	0	0	0	0	0	0	0	0	0	0	0	0	0	0	0	0	0	0	0	0	0	0	0	0	0	0	0	0	0	0	0	0	0	0	0	0	0	0	0	0	0	0	0	0	0	0	0	0	0	0	0
b0a7229ac116e055f5a3dbff1dd9eaa4	 p__Chordata	 Actinopteri	 Centrarchiformes	 Centrarchidae	 Lepomis	gibbosus	0.994382926638366	0	0	0	0	0	0	0	0	0	0	0	0	0	0	0	0	0	0	0	0	0	0	0	0	0	0	0	0	0	0	0	0	0	0	0	0	0	0	0	0	20	12	0	0	0	0	0	0	0	0	0	0	0	0	0	0	0	0	0
0c244d50da0695980da41af60320b08c	 p__Chordata						0.999999999999989	0	0	0	0	0	0	0	0	0	0	0	0	0	0	0	0	0	0	0	0	0	0	0	0	0	0	0	0	0	0	0	0	0	0	0	0	0	0	0	0	0	0	0	0	0	0	0	0	0	0	32	0	0	0	0	0	0	0	0
2e7f3d091b60ed03b123c5caf962cdd9	 p__Chordata	 Actinopteri	 Perciformes	 Liparidae	 Liparis		0.999989133244369	0	0	0	0	0	0	0	31	0	0	0	0	0	0	0	0	0	0	0	0	0	0	0	0	0	0	0	0	0	0	0	0	0	0	0	0	0	0	0	0	0	0	0	0	0	0	0	0	0	0	0	0	0	0	0	0	0	0	0
b5874ea91365e88560bff6a22bd46f62	 p__Chordata	 Actinopteri	 Pleuronectiformes	 Pleuronectidae	 Lepidopsetta	polyxystra	0.975944808295699	0	0	0	0	0	0	0	30	0	0	0	0	0	0	0	0	0	0	0	0	0	0	0	0	0	0	0	0	0	0	0	0	0	0	0	0	0	0	0	0	0	0	0	0	0	0	0	0	0	0	0	0	0	0	0	0	0	0	0
fe90b55dde51813c87920dd297858e4a	 p__Chordata						1.00000000000001	0	0	0	0	0	0	0	0	0	0	0	0	0	0	0	0	0	0	0	30	0	0	0	0	0	0	0	0	0	0	0	0	0	0	0	0	0	0	0	0	0	0	0	0	0	0	0	0	0	0	0	0	0	0	0	0	0	0	0
b3ddd6ad72b2d9f211c45a4798670665	 p__Chordata	 Actinopteri	 Perciformes	 Agonidae	 Bathyagonus		0.933396400228172	0	0	0	0	0	0	29	0	0	0	0	0	0	0	0	0	0	0	0	0	0	0	0	0	0	0	0	0	0	0	0	0	0	0	0	0	0	0	0	0	0	0	0	0	0	0	0	0	0	0	0	0	0	0	0	0	0	0	0
05bd9b5534f9f22cf34bcdff39787f7e	 p__Chordata	 Actinopteri	 Clupeiformes	 Clupeidae	 Clupea	pallasii	0.999999999671601	0	0	0	0	0	0	29	0	0	0	0	0	0	0	0	0	0	0	0	0	0	0	0	0	0	0	0	0	0	0	0	0	0	0	0	0	0	0	0	0	0	0	0	0	0	0	0	0	0	0	0	0	0	0	0	0	0	0	0
74616a35834ee335ede92c7b7166f4ae	 p__Chordata	 Actinopteri	 Perciformes	 Pholidae	 Pholis	laeta	0.951501453762208	28	0	0	0	0	0	0	0	0	0	0	0	0	0	0	0	0	0	0	0	0	0	0	0	0	0	0	0	0	0	0	0	0	0	0	0	0	0	0	0	0	0	0	0	0	0	0	0	0	0	0	0	0	0	0	0	0	0	0
29f695b316258bde937a3912ee192436	 p__Chordata	 Actinopteri	 Clupeiformes	 Clupeidae	 Clupea	pallasii	0.99999999941997	26	0	0	0	0	0	0	0	0	0	0	0	0	0	0	0	0	0	0	0	0	0	0	0	0	0	0	0	0	0	0	0	0	0	0	0	0	0	0	0	0	0	0	0	0	0	0	0	0	0	0	0	0	0	0	0	0	0	0
41c7111a9b9ef62662a99ec51c0dae85	 p__Chordata	 Actinopteri	 Euteleosteomorpha	 Embiotocidae	 Brachyistius	frenatus	0.999991450977056	0	0	0	0	0	0	0	0	0	0	7	6	0	0	0	13	0	0	0	0	0	0	0	0	0	0	0	0	0	0	0	0	0	0	0	0	0	0	0	0	0	0	0	0	0	0	0	0	0	0	0	0	0	0	0	0	0	0	0
da5b3b523b60e1a62a13bd4ba9f76db6	 p__Chordata	 Actinopteri	 Perciformes	 Stichaeidae	 Anoplarchus		0.993072015307134	0	0	0	0	0	25	0	0	0	0	0	0	0	0	0	0	0	0	0	0	0	0	0	0	0	0	0	0	0	0	0	0	0	0	0	0	0	0	0	0	0	0	0	0	0	0	0	0	0	0	0	0	0	0	0	0	0	0	0
a18bcb7100deea6f8a95ea487b2b94ed	 p__Chordata	 Actinopteri	 Perciformes	 Sebastidae	 Sebastes		0.999892296088679	0	0	0	0	0	0	0	0	0	0	0	0	0	0	0	0	0	0	0	0	0	0	0	0	0	0	0	0	0	0	25	0	0	0	0	0	0	0	0	0	0	0	0	0	0	0	0	0	0	0	0	0	0	0	0	0	0	0	0
c9aa0d2716c96b9ce2d708c6a9bd743b	 p__Chordata	 Actinopteri	 Perciformes	 Stichaeidae	 Xiphister	mucosus	0.862762396041271	0	0	0	0	0	0	0	0	0	0	0	0	0	0	0	0	0	0	0	0	0	0	0	0	0	0	0	0	0	0	0	0	0	0	0	0	25	0	0	0	0	0	0	0	0	0	0	0	0	0	0	0	0	0	0	0	0	0	0
b97a574926bd9a42cfeae7de26af96bd	 p__Chordata	 Actinopteri	 Pleuronectiformes	 Cyclopsettidae	 Citharichthys	stigmaeus	0.999997066461316	0	0	0	0	0	0	23	0	0	0	0	0	0	0	0	0	0	0	0	0	0	0	0	0	0	0	0	0	0	0	0	0	0	0	0	0	0	0	0	0	0	0	0	0	0	0	0	0	0	0	0	0	0	0	0	0	0	0	0
70a1138682757872555195c15b9d284e	 p__Chordata	 Actinopteri	 Clupeiformes	 Clupeidae	 Alosa	sapidissima	0.999365088021603	0	0	0	0	0	0	23	0	0	0	0	0	0	0	0	0	0	0	0	0	0	0	0	0	0	0	0	0	0	0	0	0	0	0	0	0	0	0	0	0	0	0	0	0	0	0	0	0	0	0	0	0	0	0	0	0	0	0	0
aa74e24621dfbb345b0e188ca40b3ce8	 p__Chordata	 Actinopteri	 Perciformes	 Hexagrammidae	 Hexagrammos	agrammus	0.901626112501932	0	0	0	0	0	0	0	0	0	0	0	0	0	0	0	0	0	0	0	0	0	0	0	0	0	0	0	0	0	0	0	23	0	0	0	0	0	0	0	0	0	0	0	0	0	0	0	0	0	0	0	0	0	0	0	0	0	0	0
86cf7adc6e5d05e04c179c3e6028cb5f	 p__Chordata	 Actinopteri	 Pleuronectiformes	 Pleuronectidae			0.999999999891099	0	0	0	0	0	0	0	0	0	0	0	0	0	0	0	0	0	0	0	0	0	0	0	0	0	0	0	0	0	0	0	0	0	0	0	0	0	17	6	0	0	0	0	0	0	0	0	0	0	0	0	0	0	0	0	0	0	0	0
047132a8b4596d09bd43b0a70d16962f	 p__Chordata	 Actinopteri	 Perciformes	 Cottidae	 Clinocottus	globiceps	0.999998446252476	0	0	0	0	0	0	0	21	0	0	0	0	0	0	0	0	0	0	0	0	0	0	0	0	0	0	0	0	0	0	0	0	0	0	0	0	0	0	0	0	0	0	0	0	0	0	0	0	0	0	0	0	0	0	0	0	0	0	0
7d797f10ff077324ccdef9e7d0b41594	 p__Chordata	 Amphibia	 Caudata	 Salamandridae	 Cynops	pyrrhogaster	0.813417077519102	0	0	0	0	0	0	0	0	0	0	0	0	0	0	0	0	0	0	0	0	0	0	0	0	0	0	0	0	0	0	0	0	20	0	0	0	0	0	0	0	0	0	0	0	0	0	0	0	0	0	0	0	0	0	0	0	0	0	0
ca4626c7dc01d8ad43fd033a28b83c57	 p__Chordata	 Actinopteri	 Gobiiformes	 Gobiidae	 Clevelandia	ios	0.999999988830254	0	0	0	0	0	0	0	0	0	0	0	0	0	0	0	0	0	0	0	0	0	0	18	0	0	0	0	0	0	0	0	0	0	0	0	0	0	0	0	0	0	0	0	0	0	0	0	0	0	0	0	0	0	0	0	0	0	0	0
3cd4557eed29f83930b9f257f9dc919d	 p__Chordata	 Actinopteri	 Clupeiformes	 Engraulidae	 Engraulis	mordax	0.9999999999594	0	0	0	7	0	0	7	0	0	0	0	2	0	0	0	0	0	0	0	0	0	0	0	0	0	0	0	0	0	0	0	0	0	0	0	0	0	0	0	0	0	0	0	0	0	0	0	0	0	0	0	0	0	0	0	0	0	0	0
b88062c233de4432e53e6ebfbfe05c44	 p__Chordata	 Actinopteri	 Perciformes	 Liparidae	 Liparis		0.999971636621212	0	0	0	0	0	0	0	15	0	0	0	0	0	0	0	0	0	0	0	0	0	0	0	0	0	0	0	0	0	0	0	0	0	0	0	0	0	0	0	0	0	0	0	0	0	0	0	0	0	0	0	0	0	0	0	0	0	0	0
e6d24e5de951753ccc14f0cdc3901a50	 p__Chordata	 Actinopteri	 Perciformes	 Sebastidae			0.999999566042964	0	0	0	0	0	0	0	0	0	0	0	0	0	0	0	0	0	0	0	0	0	0	15	0	0	0	0	0	0	0	0	0	0	0	0	0	0	0	0	0	0	0	0	0	0	0	0	0	0	0	0	0	0	0	0	0	0	0	0
742745c807b13cb5ec15c38daf14b907	 p__Chordata	 Actinopteri	 Perciformes	 Sebastidae	 Sebastes		0.999787698771941	0	0	0	14	0	0	0	0	0	0	0	0	0	0	0	0	0	0	0	0	0	0	0	0	0	0	0	0	0	0	0	0	0	0	0	0	0	0	0	0	0	0	0	0	0	0	0	0	0	0	0	0	0	0	0	0	0	0	0
82b8dfc4213f5447f2dd03d54d6cd988	 p__Chordata	 Actinopteri	 Perciformes	 Cottidae	 Oligocottus	maculosus	0.973166136637328	0	0	0	0	0	0	0	14	0	0	0	0	0	0	0	0	0	0	0	0	0	0	0	0	0	0	0	0	0	0	0	0	0	0	0	0	0	0	0	0	0	0	0	0	0	0	0	0	0	0	0	0	0	0	0	0	0	0	0
bbbbbbbddb3bc4edac0017e4e7b79de1	 p__Chordata	 Actinopteri	 Clupeiformes	 Clupeidae	 Alosa	sapidissima	0.996060680578484	0	0	0	0	0	0	0	0	0	0	0	0	0	0	0	0	0	0	0	0	0	0	0	0	0	0	0	0	0	0	0	0	0	0	0	0	0	0	0	0	0	0	0	0	0	14	0	0	0	0	0	0	0	0	0	0	0	0	0
4bcfe9e5819f4367cb16e64939556d48	 p__Chordata	 Mammalia	 Artiodactyla	 Bovidae	 Ovis	aries	0.847035421589341	0	0	0	0	0	0	0	0	0	0	0	0	0	0	0	0	0	0	0	0	13	0	0	0	0	0	0	0	0	0	0	0	0	0	0	0	0	0	0	0	0	0	0	0	0	0	0	0	0	0	0	0	0	0	0	0	0	0	0
2dab3068cb6092ddac37141ccf003888	 p__Chordata	 Mammalia	 Carnivora	 Canidae	 Canis	lupus familiaris	0.990252742472648	0	0	0	0	0	0	0	0	0	0	0	0	0	0	0	0	0	0	0	0	0	0	0	0	0	0	0	0	0	0	0	0	0	0	0	0	0	0	0	0	0	0	0	0	0	0	0	0	13	0	0	0	0	0	0	0	0	0	0
e78ec55fe87287ffbd7bb5a951d66260	 p__Chordata	 Actinopteri	 Perciformes	 Hexagrammidae	 Oxylebius	pictus	0.996992536372871	0	0	0	0	0	0	0	0	0	0	12	0	0	0	0	0	0	0	0	0	0	0	0	0	0	0	0	0	0	0	0	0	0	0	0	0	0	0	0	0	0	0	0	0	0	0	0	0	0	0	0	0	0	0	0	0	0	0	0
04ca853e6db400c11f5a4cdc290564dc	 p__Chordata						1	0	0	0	0	0	0	0	0	0	0	0	0	0	0	0	0	0	0	0	0	0	0	0	0	0	0	12	0	0	0	0	0	0	0	0	0	0	0	0	0	0	0	0	0	0	0	0	0	0	0	0	0	0	0	0	0	0	0	0
b02f9ddcc57e5999dd7eacbfc286dfdb	 p__Chordata	 Actinopteri	 Perciformes	 Cottidae			0.924060918864435	0	0	0	0	0	0	0	0	0	0	0	0	0	0	0	0	0	0	0	0	0	0	0	0	0	0	0	0	0	0	0	0	0	0	0	0	0	0	0	0	0	0	12	0	0	0	0	0	0	0	0	0	0	0	0	0	0	0	0
6f17dcda73a97a0a67e4a99eae5805a7	 p__Chordata						1	0	0	0	0	0	0	0	0	0	0	0	0	0	0	0	0	0	0	0	11	0	0	0	0	0	0	0	0	0	0	0	0	0	0	0	0	0	0	0	0	0	0	0	0	0	0	0	0	0	0	0	0	0	0	0	0	0	0	0
91f00a826ea34891d45b1f4734b4e5f2	 p__Chordata	 Actinopteri	 Perciformes	 Cottidae	 Clinocottus	acuticeps	0.99999999999946	0	0	0	0	0	0	0	0	0	0	0	0	0	0	0	0	0	0	0	0	0	0	9	0	0	0	0	0	2	0	0	0	0	0	0	0	0	0	0	0	0	0	0	0	0	0	0	0	0	0	0	0	0	0	0	0	0	0	0
4e90c0533aaaa7cdf79c415393cd0131	 p__Chordata	 Mammalia	 Rodentia	 Castoridae	 Castor	canadensis	0.999998518541876	0	0	0	0	0	0	0	0	0	0	0	0	0	0	0	0	0	0	0	0	0	0	0	0	0	0	11	0	0	0	0	0	0	0	0	0	0	0	0	0	0	0	0	0	0	0	0	0	0	0	0	0	0	0	0	0	0	0	0
ca832836a6d3779b8567fe51ae91f448	 p__Chordata	 Actinopteri	 Perciformes	 Agonidae			0.999999796546656	0	0	0	0	0	0	0	0	0	0	10	0	0	0	0	0	0	0	0	0	0	0	0	0	0	0	0	0	0	0	0	0	0	0	0	0	0	0	0	0	0	0	0	0	0	0	0	0	0	0	0	0	0	0	0	0	0	0	0
0e8c333b11e9b1808664fcd2f3ea876d	 p__Chordata	 Actinopteri	 Perciformes	 Liparidae	 Liparis		0.977190192616971	0	0	0	0	0	0	0	0	0	0	0	0	0	0	0	0	0	0	0	0	0	0	10	0	0	0	0	0	0	0	0	0	0	0	0	0	0	0	0	0	0	0	0	0	0	0	0	0	0	0	0	0	0	0	0	0	0	0	0
670e024b555a50f7d9f04b9365faedc5	 p__Chordata	 Aves	 Anseriformes	 Anatidae	 Anas	zonorhyncha	0.999894886421495	0	0	0	0	0	0	0	0	0	0	0	0	0	0	0	0	0	0	0	0	0	0	0	0	0	0	0	0	0	0	0	0	0	0	0	0	0	0	0	0	0	10	0	0	0	0	0	0	0	0	0	0	0	0	0	0	0	0	0
95489e32db8db7b3cf979ede37d0ee1d	 p__Chordata						1	0	0	0	0	0	0	0	0	0	0	0	0	0	0	0	0	0	0	0	0	0	0	0	0	0	0	0	0	0	0	0	0	0	0	0	0	0	0	0	0	0	0	0	0	0	0	0	0	0	0	0	0	0	0	0	10	0	0	0
c2366637694baa3e3d236c6269221e37	 p__Chordata						0.999999999999999	0	0	0	0	0	0	0	0	0	0	0	0	0	0	0	0	0	0	0	0	0	0	0	0	0	0	0	0	0	0	0	0	0	0	0	0	0	0	0	0	0	0	0	0	0	0	0	0	0	0	0	0	0	0	0	0	10	0	0
581c5adab48affa2978709fb3dd922a8	 p__Chordata	 Actinopteri					0.99947773054536	0	0	0	0	0	0	0	0	0	9	0	0	0	0	0	0	0	0	0	0	0	0	0	0	0	0	0	0	0	0	0	0	0	0	0	0	0	0	0	0	0	0	0	0	0	0	0	0	0	0	0	0	0	0	0	0	0	0	0
3b23e9d30ce7c158a640c482f4a97db8	 p__Chordata						0.999999999999997	0	0	0	0	0	0	0	0	0	0	0	9	0	0	0	0	0	0	0	0	0	0	0	0	0	0	0	0	0	0	0	0	0	0	0	0	0	0	0	0	0	0	0	0	0	0	0	0	0	0	0	0	0	0	0	0	0	0	0
5af605dd46fac543e0d15b4c8ac4c1e3	 p__Chordata						0.999999999999998	0	0	0	0	0	0	0	0	0	0	0	9	0	0	0	0	0	0	0	0	0	0	0	0	0	0	0	0	0	0	0	0	0	0	0	0	0	0	0	0	0	0	0	0	0	0	0	0	0	0	0	0	0	0	0	0	0	0	0
3b17a3ad0d4ab16978e2add435feaecb	 p__Chordata	 Actinopteri	 Perciformes	 Percidae	 Perca	sp. BD-2002	0.996803567965572	0	0	0	0	0	0	0	0	0	0	0	0	0	0	0	0	0	0	0	0	0	0	0	0	0	0	0	0	0	0	0	0	0	0	0	0	0	0	0	0	9	0	0	0	0	0	0	0	0	0	0	0	0	0	0	0	0	0	0
c54ebf5c5771ac873c426e88708393a0	 p__Chordata	 Actinopteri					0.999983220836795	0	0	0	0	0	0	0	0	0	0	0	0	0	0	0	0	0	0	0	0	0	0	0	0	0	0	0	0	0	0	0	0	0	0	0	0	0	3	0	0	0	0	0	0	0	5	0	0	0	0	0	0	0	0	0	0	0	0	0
c5acec062c0395c23de4fffc39c10889	 p__Chordata	 Actinopteri	 Perciformes	 Cottidae	 Cottus	beldingii	0.894146526592914	0	0	0	0	0	0	0	0	0	0	0	0	0	0	0	0	0	0	0	0	0	0	7	0	0	0	0	0	0	0	0	0	0	0	0	0	0	0	0	0	0	0	0	0	0	0	0	0	0	0	0	0	0	0	0	0	0	0	0
1b4a75da0abab4f39b4d32dd8a931a9e	 p__Chordata	 Actinopteri	 Perciformes	 Stichaeidae	 Phytichthys	chirus	0.986838887318924	0	0	0	0	0	6	0	0	0	0	0	0	0	0	0	0	0	0	0	0	0	0	0	0	0	0	0	0	0	0	0	0	0	0	0	0	0	0	0	0	0	0	0	0	0	0	0	0	0	0	0	0	0	0	0	0	0	0	0
92a8f5c02232a670ffe6364103d131ae	 p__Chordata	 Actinopteri	 Gadiformes	 Gadidae	 Gadus		0.999802519312237	0	0	0	0	0	0	0	0	0	0	0	0	0	0	0	0	0	0	0	0	0	0	0	0	0	0	0	0	0	0	0	0	0	0	0	0	0	0	0	0	0	0	0	0	0	0	0	0	0	0	0	0	0	0	0	6	0	0	0
b629ca224f4773e64c6c61203aa1d079	 p__Chordata	 Actinopteri	 Perciformes	 Cottidae	 Oligocottus	maculosus	0.999899497315379	0	0	0	0	0	0	0	0	5	0	0	0	0	0	0	0	0	0	0	0	0	0	0	0	0	0	0	0	0	0	0	0	0	0	0	0	0	0	0	0	0	0	0	0	0	0	0	0	0	0	0	0	0	0	0	0	0	0	0
0d1c6c8ac2d7b222a19cc04b7950e5ac	 p__Chordata	 Actinopteri	 Uranoscopiformes	 Ammodytidae	 Ammodytes		0.99999991783919	0	0	0	0	0	0	0	0	0	0	0	0	0	0	0	0	0	0	0	0	0	0	0	0	0	0	0	0	5	0	0	0	0	0	0	0	0	0	0	0	0	0	0	0	0	0	0	0	0	0	0	0	0	0	0	0	0	0	0
a9983ca5b5889d749212df0721988704	 p__Chordata	 Actinopteri	 Scombriformes	 Scombridae			0.724158027175794	0	0	0	0	0	4	0	0	0	0	0	0	0	0	0	0	0	0	0	0	0	0	0	0	0	0	0	0	0	0	0	0	0	0	0	0	0	0	0	0	0	0	0	0	0	0	0	0	0	0	0	0	0	0	0	0	0	0	0
17d81ebe20dc706eb0def5edb02f46f9	 p__Chordata	 Actinopteri	 Perciformes	 Cottidae	 Clinocottus	globiceps	0.971309316150089	0	0	0	0	0	4	0	0	0	0	0	0	0	0	0	0	0	0	0	0	0	0	0	0	0	0	0	0	0	0	0	0	0	0	0	0	0	0	0	0	0	0	0	0	0	0	0	0	0	0	0	0	0	0	0	0	0	0	0
de51b7d1e6579dd4c56230d6b383b45f	 p__Chordata	 Actinopteri	 Clupeiformes	 Engraulidae	 Engraulis	mordax	0.999999999453536	0	0	0	0	0	0	0	4	0	0	0	0	0	0	0	0	0	0	0	0	0	0	0	0	0	0	0	0	0	0	0	0	0	0	0	0	0	0	0	0	0	0	0	0	0	0	0	0	0	0	0	0	0	0	0	0	0	0	0
5b46406193b5d4326e350c366df7e30a	 p__Chordata	 Actinopteri	 Perciformes	 Gasterosteidae	 Gasterosteus		0.731256676499864	0	0	0	0	0	0	0	0	0	0	0	0	0	0	0	4	0	0	0	0	0	0	0	0	0	0	0	0	0	0	0	0	0	0	0	0	0	0	0	0	0	0	0	0	0	0	0	0	0	0	0	0	0	0	0	0	0	0	0
78937dc38efd73fd01badb2682221b50	 p__Chordata	 Aves	 Anseriformes	 Anatidae	 Anas	zonorhyncha	0.999653166478025	0	0	0	0	0	0	0	0	0	0	0	0	0	0	0	0	0	0	0	0	0	4	0	0	0	0	0	0	0	0	0	0	0	0	0	0	0	0	0	0	0	0	0	0	0	0	0	0	0	0	0	0	0	0	0	0	0	0	0
68c667d1c0c8f8264dc012fef3d44916	 p__Chordata	 Actinopteri	 Gadiformes	 Gadidae			0.999999826249085	0	0	0	0	0	0	0	0	0	0	0	0	0	0	0	0	0	0	0	0	0	0	4	0	0	0	0	0	0	0	0	0	0	0	0	0	0	0	0	0	0	0	0	0	0	0	0	0	0	0	0	0	0	0	0	0	0	0	0
810c87b7f3dd851438df91e5ffb36d22	 p__Chordata	 Actinopteri	 Esociformes	 Esocidae	 Esox	americanus	0.924050423111014	0	0	0	0	0	0	0	0	0	0	0	0	0	0	0	0	0	0	0	0	0	0	0	0	0	0	0	4	0	0	0	0	0	0	0	0	0	0	0	0	0	0	0	0	0	0	0	0	0	0	0	0	0	0	0	0	0	0	0
07df5a75935b226bfe8118371c6a24cf	 p__Chordata						0.999999999999988	0	0	0	0	0	0	0	0	0	0	0	0	0	0	0	0	0	0	0	0	0	0	0	0	0	0	0	0	0	0	0	0	0	0	0	0	0	0	4	0	0	0	0	0	0	0	0	0	0	0	0	0	0	0	0	0	0	0	0
4e9250283907b7eadcd76fd6d15add66	 p__Chordata						1.00000000000001	0	0	0	0	0	0	0	0	0	0	0	0	0	0	0	0	0	0	0	0	0	0	0	0	0	0	0	0	0	0	0	0	0	0	0	0	0	0	0	0	0	0	0	0	0	0	0	0	0	0	0	0	0	0	0	4	0	0	0
068ebca9fb464eaf8c758b1fe7349df0	 p__Chordata	 Actinopteri	 Pleuronectiformes	 Cyclopsettidae	 Citharichthys	stigmaeus	0.999997278210766	0	0	0	0	0	0	0	0	0	0	0	0	0	0	0	0	0	0	0	0	0	0	0	0	0	0	0	0	0	0	0	0	0	0	0	0	0	0	0	0	0	0	0	0	0	0	0	0	0	0	0	0	0	0	0	4	0	0	0
2cf61ec0c7099ef665080595b251c646	 p__Chordata						1.00000000000001	0	0	0	3	0	0	0	0	0	0	0	0	0	0	0	0	0	0	0	0	0	0	0	0	0	0	0	0	0	0	0	0	0	0	0	0	0	0	0	0	0	0	0	0	0	0	0	0	0	0	0	0	0	0	0	0	0	0	0
444efbf95eca8d5e3b7951a79213dd71	 p__Chordata	 Actinopteri	 Scombriformes	 Scombridae	 Rastrelliger	brachysoma	0.96293312439834	0	0	0	0	0	0	0	0	3	0	0	0	0	0	0	0	0	0	0	0	0	0	0	0	0	0	0	0	0	0	0	0	0	0	0	0	0	0	0	0	0	0	0	0	0	0	0	0	0	0	0	0	0	0	0	0	0	0	0
faa7f993ad17fc938be612aa89acc6c6	 p__Chordata	 Mammalia	 Rodentia				0.833341142681753	0	0	0	0	0	0	0	0	0	0	0	0	0	0	0	0	0	0	0	0	0	3	0	0	0	0	0	0	0	0	0	0	0	0	0	0	0	0	0	0	0	0	0	0	0	0	0	0	0	0	0	0	0	0	0	0	0	0	0
6d56e546f389009447bee6e9875c3129	 p__Chordata	 Actinopteri	 Perciformes				0.999990739818352	0	0	0	0	0	0	0	0	0	0	0	0	0	0	0	0	0	0	0	0	0	0	0	3	0	0	0	0	0	0	0	0	0	0	0	0	0	0	0	0	0	0	0	0	0	0	0	0	0	0	0	0	0	0	0	0	0	0	0
fa7a1b639dee3a710fe964dbb7a20ec9	 p__Chordata	 Actinopteri	 Cichliformes	 Cichlidae	 Oreochromis	niloticus	0.995951209313547	0	0	0	0	0	0	0	0	0	0	0	0	0	0	0	0	0	0	0	0	0	0	0	0	0	3	0	0	0	0	0	0	0	0	0	0	0	0	0	0	0	0	0	0	0	0	0	0	0	0	0	0	0	0	0	0	0	0	0
28be19fe79c7e6c3b6bd8ff3c81df971	 p__Chordata	 Actinopteri	 Euteleosteomorpha	 Embiotocidae	 Cymatogaster	aggregata	0.999804218839391	0	0	0	0	0	0	0	0	0	0	0	0	0	0	0	0	0	0	0	0	0	0	0	0	0	0	0	0	0	0	0	0	0	0	0	0	0	0	0	0	0	0	0	0	0	0	0	0	0	0	3	0	0	0	0	0	0	0	0
cb9cd62294c69b13a291d655357f490e	 p__Chordata	 Aves	 Anseriformes	 Anatidae	 Anas	zonorhyncha	0.999054719066464	0	0	0	0	0	0	0	0	0	0	0	0	0	0	0	0	0	0	0	0	0	0	0	0	0	0	0	0	0	0	0	0	0	0	0	0	0	0	0	0	0	0	0	0	0	0	0	0	0	0	0	0	0	3	0	0	0	0	0
d365c6ec59d2f0f324c43051eebdba3f	 p__Chordata						0.999999999999996	0	0	0	0	0	0	0	0	0	0	0	0	0	0	0	0	0	0	0	0	0	0	0	0	0	0	0	0	0	0	0	0	0	0	0	0	0	0	0	0	0	0	0	0	0	0	0	0	0	0	0	0	0	0	0	3	0	0	0
a26ce1dcab853219dacd05498f215fef	 p__Chordata						1	0	0	0	2	0	0	0	0	0	0	0	0	0	0	0	0	0	0	0	0	0	0	0	0	0	0	0	0	0	0	0	0	0	0	0	0	0	0	0	0	0	0	0	0	0	0	0	0	0	0	0	0	0	0	0	0	0	0	0
2f22d35497cbb3000d208a742d9e6911	 p__Chordata						1.00000000000001	0	0	0	0	0	0	0	0	0	0	0	2	0	0	0	0	0	0	0	0	0	0	0	0	0	0	0	0	0	0	0	0	0	0	0	0	0	0	0	0	0	0	0	0	0	0	0	0	0	0	0	0	0	0	0	0	0	0	0
297d0fb97f0d8b00a20e8438ced54f61	 p__Chordata	 Actinopteri	 Cypriniformes	 Cyprinidae	 Carassius	sp. 'Ginbuna'	0.895299020516894	0	0	0	0	0	0	0	0	0	0	0	2	0	0	0	0	0	0	0	0	0	0	0	0	0	0	0	0	0	0	0	0	0	0	0	0	0	0	0	0	0	0	0	0	0	0	0	0	0	0	0	0	0	0	0	0	0	0	0
b634195d7640ca3631843dd4ee650b59	 p__Chordata						1.00000000000001	0	0	0	0	0	0	0	0	0	0	0	2	0	0	0	0	0	0	0	0	0	0	0	0	0	0	0	0	0	0	0	0	0	0	0	0	0	0	0	0	0	0	0	0	0	0	0	0	0	0	0	0	0	0	0	0	0	0	0
2231c2c3d2c1c8b03c6f91c0548fdc07	 p__Chordata	 Actinopteri	 Salmoniformes	 Salmonidae	 Prosopium	cylindraceum	0.706145633118979	0	0	0	0	0	0	0	0	0	0	0	0	0	0	0	0	0	0	0	0	0	0	0	0	0	0	0	2	0	0	0	0	0	0	0	0	0	0	0	0	0	0	0	0	0	0	0	0	0	0	0	0	0	0	0	0	0	0	0
c7faf436f31da27dd590c43a8a0d1e94	 p__Chordata	 Actinopteri	 Osmeriformes	 Osmeridae	 Hypomesus		0.910403562700603	0	0	0	0	0	0	0	0	0	0	0	0	0	0	0	0	0	0	0	0	0	0	0	0	0	0	0	0	0	2	0	0	0	0	0	0	0	0	0	0	0	0	0	0	0	0	0	0	0	0	0	0	0	0	0	0	0	0	0
400b7ce9eedab22e919b96aa272a95f2	 p__Chordata	 Mammalia	 Carnivora	 Canidae	 Vulpes	vulpes	0.999971997438552	0	0	0	0	0	0	0	0	0	0	0	0	0	0	0	0	0	0	0	0	0	0	0	0	0	0	0	0	0	0	0	0	0	0	2	0	0	0	0	0	0	0	0	0	0	0	0	0	0	0	0	0	0	0	0	0	0	0	0
a575e028d706654e0f9581f2ee5961ac	 p__Chordata	 Actinopteri	 Pleuronectiformes	 Cyclopsettidae	 Citharichthys	sordidus	0.999993649638482	0	0	0	0	0	0	0	0	0	0	0	0	0	0	0	0	0	0	0	0	0	0	0	0	0	0	0	0	0	0	0	0	0	0	0	0	0	0	0	0	0	0	0	0	0	0	0	0	0	0	0	0	0	0	2	0	0	0	0
