#OTU ID	1003_Wk1	1003_Wk2	1003_Wk3	1003_Wk4	1003_Wk5	1003_Wk6	1003_Wk7	1003_Wk8	1003_Wk9	1004_Wk1	1004_Wk2	1004_Wk3	1004_Wk4	1004_Wk5	1004_Wk6	1004_Wk7	1004_Wk8	1004_Wk9	1005_Wk1	1005_Wk2	1005_Wk3	1005_Wk4	1005_Wk5	1005_Wk6	1005_Wk7	1005_Wk8	1005_Wk9	Wk1_Blank	Wk1_Control	Wk2_Control	Wk3_Blank	Wk3_Control	Wk4_1003Parallel	Wk4_1004Parallel	Wk4_1005Parallel	Wk4_Blank	Wk5_1003Parallel	Wk5_1004Parallel	Wk5_1005Parallel	Wk5_FieldBlank	Wk6_1003Parallel	Wk6_1004Parallel	Wk6_1005Parallel	Wk6_FieldBlank	Wk7_1003Parallel	Wk7_1004Parallel	Wk7_1005Parallel	Wk7_FieldBlank	Wk8_1003Parallel	Wk8_1004Parallel	Wk8_1005Parallel	Wk8_FieldBlank	Wk9_1003Parallel	Wk9_1004Parallel	Wk9_FieldBlank	Phylum	P.Conf	Class	C.Conf	Order	O.Conf	Family	F.Conf	Genus	G.conf	Species	Sp.Conf
24e05f7e4bea735a1c0e50969bc06ef5	0	0	0	0	0	0	0	0	188	0	0	0	0	0	0	5	0	23	0	0	0	0	0	0	0	0	0	0	36	0	0	19	0	0	29	0	64	40	64	0	0	0	0	0	161	415	254	0	219	66	161	0	237	281	0	undef_undef_Eukaryota	1	Dinophyceae	1	Dinophysiales	1	Dinophysiaceae	1	Dinophysis	1	Dinophysis_acuminata	0.96
fbc4ae7fe1235e025d94362febfb2df7	0	0	0	0	0	0	0	0	0	0	0	0	0	0	0	0	0	0	0	0	0	0	0	0	0	0	0	0	0	0	1633	0	0	0	0	0	0	0	0	0	0	0	0	0	0	0	0	0	0	0	0	0	0	0	0	Arthropoda	1	Insecta	1	Diptera	1	Chironomidae	1	Cricotopus	1	Cricotopus_sp._BOLD:AAN2574	0.96
e28149cd4bd34eac20075e511417da33	0	0	0	32472	0	0	0	0	0	31	0	0	0	0	100	0	0	0	0	46740	0	62	0	0	54	0	0	0	0	0	0	0	0	0	6	0	0	0	0	0	0	0	0	0	0	0	0	0	0	0	0	0	0	32	0	Rhodophyta	0.98	Bangiophyceae	0.98	Bangiales	0.98	Bangiaceae	0.98	Neoporphyra	0.98	Neoporphyra_haitanensis	0.98
638bc40e703f0646e7ae4c683075a6f8	0	0	11	0	0	0	0	0	0	774	0	0	0	0	0	0	0	0	39	0	28	0	0	0	0	0	0	0	3961	26	0	0	0	0	0	0	0	26	0	0	0	0	0	0	51	26	85	0	0	0	0	0	44	0	0	undef_undef_Eukaryota	1	Dinophyceae	1	Prorocentrales	0.98	Prorocentraceae	0.98	Prorocentrum	0.98	Prorocentrum_minimum	0.98
0f2552d0ce598d0b21be357d51d10922	0	0	0	0	0	0	0	0	0	0	0	0	0	0	0	0	0	0	0	0	0	0	0	0	0	0	0	0	0	0	0	0	0	0	0	0	0	0	0	0	0	0	0	0	0	2083	0	0	0	0	0	0	0	0	0	Arthropoda	1	Hexanauplia	0.98	Calanoida	0.98	Paracalanidae	0.98	Paracalanus	0.98	Paracalanus_parvus	0.98
ac6df78bf6e277b87982a3e0e49b193d	0	0	0	0	0	0	0	0	0	0	0	0	0	0	0	0	0	0	0	0	0	0	0	0	0	0	0	0	59	0	0	0	13	0	38	0	0	0	0	0	0	31	0	0	158	202	141	0	85	0	99	0	116	293	0	undef_undef_Eukaryota	1	Dinophyceae	1	Dinophysiales	1	Dinophysiaceae	1	Dinophysis	1	Dinophysis_acuminata	0.98
e331fbe66c2cb7cdea9c40e8cce36289	0	0	0	20	0	0	0	0	0	48	0	0	0	0	0	0	0	21	3101	0	0	0	0	0	0	0	0	0	257	5	0	0	0	0	0	0	0	0	0	5	0	0	0	0	0	0	9	13124	0	11	0	0	0	0	0	Ascomycota	1	Dothideomycetes	0.99	Cladosporiales	0.99	Cladosporiaceae	0.99	Cladosporium	0.99	Cladosporium_tenuissimum	0.99
ca699c0a964816b172e461e3a84dc658	5520	231	1395	586	525	7865	505	0	5904	20	430	345	362	71	3410	39	32	2734	70	337	96	332	709	3218	40	95	602	0	0	397	0	382	1871	2130	1292	0	104	70	91	0	26535	32205	28519	0	1351	925	1758	0	525	404	361	0	6022	6784	0	Bacillariophyta	1	Coscinodiscophyceae	1	Thalassiosirales	1	Skeletonemataceae	1	Skeletonema	1	Skeletonema_menzelii	1
f9763d9870089300b3cbe4d196450781	0	0	0	0	0	0	0	0	0	0	0	0	0	0	0	70	183	45	0	0	0	0	0	0	0	45	0	0	15	0	0	6815	0	0	0	0	0	7909	20024	0	0	0	0	0	21556	8100	1317	0	12958	27709	1467	0	0	88	0	Arthropoda	1	Hexanauplia	1	Calanoida	1	Paracalanidae	1	Paracalanus	1	Paracalanus_parvus	1
90e5323f96256392950fee5629ea7045	167	0	0	0	20	29	540	455	21915	23	251	42	457	0	0	0	187	39	150	5359	7495	0	2182	0	25	0	2013	0	0	7	0	7168	7381	231	8352	0	0	19386	0	0	44	0	0	0	35	0	46	0	53	101	52	0	71	0	0	Annelida	1	Polychaeta	1	Spionida	1	Spionidae	1	Polydora_segmented_worms	1	Polydora_cornuta	1
17001848dce20822df653b4008ffb60d	0	261	147	58	0	0	0	198	764	1656	0	128	1055	212	374	373	961	466	0	0	0	416	1054	0	9371	227	0	0	2723	4214	0	34869	359	0	840	0	375	280	221	0	0	487	69	0	1826	1553	733	0	1033	594	965	0	2708	1338	0	Mollusca	1	Bivalvia	1	Mytilida	1	Mytilidae	1	Mytilus	1	Mytilus_trossulus	1
353ff99d50607a06ea8692ec52ff354e	854	41	532	1226	225	484	247	37	2290	0	355	0	417	8	55	80	0	1102	72	111	154	386	138	85	0	107	712	0	0	49	0	40	920	6822	3913	0	17	53	46	0	90	243	104	0	17137	8155	17878	0	49	53	66	0	19	64	0	Bacillariophyta	1	Coscinodiscophyceae	1	Thalassiosirales	1	Skeletonemataceae	1	Skeletonema	1	Skeletonema_grethae	1
027575df7f8a1bd6bc0a140d3f7d2ba8	0	0	0	0	0	0	0	0	0	0	0	0	0	15	0	0	145	0	0	0	0	0	0	0	0	0	0	0	0	0	0	0	0	0	0	0	0	0	1126	0	0	0	109	0	10339	22204	2647	0	12060	2296	8915	0	148	0	0	Arthropoda	1	Hexanauplia	1	Calanoida	1	Paracalanidae	1	Paracalanus	1	Paracalanus_parvus	1
74178f1efa96acd67816b83b53f11631	0	0	0	0	0	0	0	0	0	20	0	0	0	0	0	0	0	0	0	0	0	0	0	0	0	0	0	0	2123	263	0	1457	5037	3192	11351	0	10941	8504	9216	0	0	0	32	0	396	1367	583	0	776	213	0	0	0	0	0	Arthropoda	1	Hexanauplia	1	Calanoida	1	Temoridae	1	Eurytemora	1	Eurytemora_herdmani	1
e428089cf3e35e98dba33a638123cbd5	0	0	0	0	0	0	0	0	0	0	0	0	0	0	0	0	0	0	0	0	0	0	0	0	0	0	0	0	1723	5803	0	6040	2746	0	19763	0	741	4158	4061	0	0	60	580	0	785	107	1280	0	989	3840	1344	0	0	0	0	Arthropoda	1	Hexanauplia	1	Calanoida	1	Acartiidae	1	Acartia	1	Acartia_hudsonica	1
9f09074c067b012c432d302e94bbca2d	0	0	0	0	0	0	0	0	0	0	45737	0	0	0	0	0	0	0	0	0	0	0	0	0	0	0	0	0	0	0	0	0	0	0	0	0	0	0	0	0	0	0	0	0	0	0	0	0	0	0	0	0	0	0	0	Arthropoda	1	Hexanauplia	1	Harpacticoida	1	Miraciidae	1	Sarsamphiascus	1	Sarsamphiascus_kawamurai	1
9bc936b8c372dd8639c76a363a78fa66	0	0	0	0	0	0	0	0	0	0	0	0	0	0	0	0	0	0	0	0	0	0	0	0	0	0	43165	0	0	0	0	0	0	0	0	0	0	0	0	0	0	0	0	0	0	0	0	0	0	0	0	0	0	0	0	Arthropoda	1	Hexanauplia	1	Harpacticoida	1	Miraciidae	1	Sarsamphiascus	1	Sarsamphiascus_kawamurai	1
ed80ad22640253b0d5433d18dc41040a	0	0	0	0	0	0	0	0	0	0	0	0	0	0	0	0	0	0	0	0	0	0	0	0	0	0	0	0	0	0	0	0	0	0	0	0	0	0	21679	0	0	0	0	0	0	0	0	0	0	0	1144	0	0	0	0	Bryozoa	1	Gymnolaemata	1	Cheilostomatida	1	Membraniporidae	1	Membranipora	1	Membranipora_membranacea	1
4c9cc26834b55f56676a8cb95917f01d	0	0	0	0	0	0	0	0	0	0	0	0	0	0	0	0	0	0	0	0	0	0	0	0	0	0	0	0	0	0	0	0	0	0	19874	0	0	0	0	0	0	0	0	0	0	0	0	0	0	0	0	0	0	0	0	Annelida	1	Polychaeta	1	Spionida	1	Spionidae	1	Polydora_segmented_worms	1	Polydora_cornuta	1
2712c3cc82120a73ac94c888bfe04f92	0	0	0	0	0	0	0	0	0	0	0	0	0	0	0	0	86	0	0	0	0	30	0	0	0	0	0	0	0	0	0	5	0	0	0	0	0	0	0	0	0	0	0	0	8	0	0	0	0	12484	5655	0	66	0	0	Bryozoa	1	Gymnolaemata	1	Cheilostomatida	1	Membraniporidae	1	Membranipora	1	Membranipora_membranacea	1
4e342e9c2dcf7d95997e446033bcec53	0	8	15	0	0	9	0	0	236	0	0	52	324	8	2561	40	54	383	0	0	0	11	0	8	0	0	0	0	0	180	0	287	1048	392	571	0	6	0	11	0	3134	2590	2967	0	71	174	128	0	132	163	71	0	1043	772	0	Chlorophyta	1	Mamiellophyceae	1	Mamiellales	1	Mamiellaceae	1	Micromonas_green_algae	1	Micromonas_pusilla	1
dcb8dc6285365c21a31580de3e8e0035	0	52	4472	495	493	45	0	0	1023	0	206	0	0	0	265	23	39	141	0	158	0	0	240	192	216	73	8726	0	13	0	0	0	0	0	0	0	0	0	0	0	0	0	0	0	26	0	0	0	0	19	0	0	0	0	0	Bacillariophyta	1	Bacillariophyceae	1	Bacillariales	1	Bacillariaceae	1	Cylindrotheca	1	Cylindrotheca_closterium	1
817092aee3a91842cc1a7a67cfb82360	0	0	0	0	0	0	0	0	0	0	0	0	0	0	0	0	0	0	0	0	0	0	0	0	0	0	0	0	0	0	0	0	0	0	15982	0	0	0	0	0	0	0	0	0	0	0	0	0	0	0	0	0	0	0	0	Platyhelminthes	1	Rhabditophora	1	Macrostomida	1	Microstomidae	1	Microstomum	1	Microstomum_compositum	1
1c9969d3a882c55db4890750e00bce6d	0	0	154	55	0	0	15147	0	0	119	0	0	0	0	0	0	0	0	0	0	0	0	0	0	0	0	0	0	7	0	0	0	0	194	0	0	0	0	0	0	0	0	0	0	7	0	0	0	18	22	0	0	0	5	0	Arthropoda	1	Malacostraca	1	Amphipoda	1	Corophiidae	1	Monocorophium	1	Monocorophium_insidiosum	1
8b9ce2f81cd08c0baf23884e5c5f8ab6	0	0	0	0	0	0	0	0	0	0	0	0	0	0	0	0	0	0	0	0	0	0	0	0	0	0	0	0	0	0	0	0	0	0	0	0	9117	0	0	0	0	0	0	0	1356	0	221	0	4273	0	0	0	84	0	0	Arthropoda	1	Hexanauplia	1	Calanoida	1	Paracalanidae	1	Paracalanus	1	Paracalanus_parvus	1
dc345e53798d2415c2e61f7abc627204	0	0	59	0	0	0	0	0	0	0	0	0	0	0	0	0	0	0	0	0	0	13382	0	0	0	0	0	0	0	0	0	0	0	0	0	0	0	0	0	0	0	0	0	0	0	0	0	0	0	0	0	0	0	0	0	Arthropoda	1	Hexanauplia	1	Harpacticoida	1	Miraciidae	1	Sarsamphiascus	1	Sarsamphiascus_kawamurai	1
1ce97cbe8c66adc9547ff6267be9eb8a	0	0	12	0	0	0	0	0	340	14	0	42	188	0	910	60	103	1148	0	0	0	26	0	4	0	0	0	0	18	123	0	103	549	883	289	0	7	0	8	0	1419	1004	1493	0	10	76	160	0	235	174	141	0	2051	1487	0	Chlorophyta	1	Mamiellophyceae	1	Mamiellales	1	Mamiellaceae	1	Micromonas_green_algae	1	Micromonas_pusilla	1
1a7ef2088483d1c4d5a0350d91b8d8fc	0	0	0	12	0	0	0	0	0	0	0	0	0	0	0	0	0	0	0	0	0	0	0	0	0	0	0	0	3561	17	0	1567	351	16	1338	0	0	0	0	0	15	112	21	0	61	697	518	0	208	182	164	0	497	685	0	Arthropoda	1	Hexanauplia	1	Cyclopoida	1	Oithonidae	1	Oithona	1	Oithona_similis	1
158410f571586827b443e049a75a9877	0	0	0	0	0	0	0	0	0	0	0	0	0	0	0	0	0	0	0	0	0	0	0	0	0	0	0	0	3645	0	0	171	457	0	493	0	1854	1319	1161	0	0	0	0	0	0	0	449	0	0	0	0	0	0	0	0	Arthropoda	1	Hexanauplia	1	Calanoida	1	Temoridae	1	Eurytemora	1	Eurytemora_herdmani	1
e7e2b2b25e9c76cde98a62e42debf7ae	0	0	0	0	0	0	0	0	11	0	0	18	94	0	1397	0	10	85	0	0	0	10	0	35	0	0	0	0	11	60	0	107	255	321	188	0	0	0	0	0	2166	1676	2145	0	42	0	93	0	11	37	36	0	379	323	0	Chlorophyta	1	Mamiellophyceae	1	Mamiellales	1	Mamiellaceae	1	Micromonas_green_algae	1	Micromonas_pusilla	1
50071adb01edc5a147f28edd5593c1da	0	0	0	0	0	0	0	0	0	0	0	0	0	0	0	0	4	0	0	0	0	0	0	0	0	3	0	0	0	0	0	0	0	0	0	0	0	0	0	0	0	0	0	0	0	0	0	0	0	0	9444	0	0	0	0	Cnidaria	1	Hydrozoa	1	Leptothecata	1	Obeliidae	1	Obelia	1	Obelia_dichotoma	1
1443afa3213834dcfc5521f342b78d17	0	0	0	0	0	0	0	0	3	0	0	0	0	0	0	0	0	0	0	0	0	0	0	0	0	0	0	0	3	0	0	0	0	0	0	0	0	0	0	0	0	0	0	0	10	74	7349	0	0	0	1888	0	0	29	0	Annelida	1	Polychaeta	1	Phyllodocida	1	Polynoidae	1	Lepidonotus	1	Lepidonotus_squamatus_CMC02	1
06bea2b5c135bd36d06aad0dd99eda00	0	0	0	0	0	0	0	0	0	0	0	0	0	0	0	0	0	0	0	0	0	0	0	0	0	0	0	0	0	0	0	0	0	0	0	0	0	549	0	0	0	0	0	0	0	0	0	0	0	7858	0	0	0	0	0	Arthropoda	1	Hexanauplia	1	Calanoida	1	Paracalanidae	1	Paracalanus	1	Paracalanus_parvus	1
3c169249a4ae79b2e31e9fbf1d51e24f	16	0	0	16	0	11	17	0	109	0	0	0	64	0	754	7	23	251	0	11	20	0	0	0	0	0	0	0	0	86	0	98	437	286	174	0	0	0	0	0	1260	1098	1357	0	43	59	71	0	35	51	58	0	625	602	0	Chlorophyta	1	Mamiellophyceae	1	Mamiellales	1	Mamiellaceae	1	Micromonas_green_algae	1	Micromonas_pusilla	1
19812f94beb1fa89cf5bc3612cc960ac	0	0	0	0	0	0	0	0	0	0	0	0	0	0	0	0	0	0	0	0	0	0	0	0	0	0	0	0	0	0	0	0	0	0	7502	0	0	0	0	0	0	0	0	0	0	0	0	0	0	0	0	0	0	0	0	Mollusca	1	Gastropoda	1	Littorinimorpha	1	Calyptraeidae	1	Crepidula	1	Crepidula_fornicata	1
ddf53f67e05d7391a1c23ed7a53f858c	0	0	0	0	0	0	0	0	0	0	0	0	0	0	0	0	0	0	0	0	0	0	0	0	0	0	0	0	0	0	0	0	0	0	0	0	0	0	0	0	0	0	0	0	0	0	0	0	0	0	6619	0	0	0	0	Annelida	1	Polychaeta	1	undef_Polychaeta	1	Polygordiidae	1	Polygordius	1	Polygordius_jouinae	1
23ce7a23aa6fc9ecbe256cb4921071f0	0	0	0	0	0	0	0	0	0	0	0	0	0	0	0	0	0	0	0	0	0	0	0	0	0	0	0	255	0	0	0	0	0	0	0	0	0	0	0	6094	0	0	0	0	0	0	0	0	0	0	0	0	0	0	106	Ascomycota	1	Sordariomycetes	1	Hypocreales	1	Ophiocordycipitaceae	1	Purpureocillium	1	Purpureocillium_lilacinum	1
b912c50ce501ba222b1640ac4166d6cc	0	0	0	0	0	0	0	0	0	0	0	0	0	0	0	0	0	12	0	0	0	0	0	0	0	0	0	0	0	0	0	460	0	0	0	0	52	0	642	0	25	0	0	0	0	1695	0	0	0	0	3493	0	0	0	0	Bryozoa	1	Gymnolaemata	1	Cheilostomatida	1	Membraniporidae	1	Membranipora	1	Membranipora_membranacea	1
844ddfb8ef7baabe23165069b3432c71	0	0	0	0	0	0	0	0	0	0	0	0	0	0	0	0	42	0	0	0	0	0	0	0	0	0	0	0	1933	107	0	183	325	0	0	0	0	0	0	0	0	0	0	0	0	3233	500	0	0	0	0	0	0	0	0	Arthropoda	1	Hexanauplia	1	Calanoida	1	Acartiidae	1	Acartia	1	Acartia_hudsonica	1
f28110f814fc59ebba440e175af6ac8e	0	0	0	0	0	0	0	0	0	0	0	0	0	0	0	0	0	0	0	0	0	0	0	0	0	0	0	0	0	1071	0	151	0	0	0	0	0	4630	0	0	0	0	0	0	0	0	0	0	0	0	0	0	0	0	0	Arthropoda	1	Hexanauplia	1	Calanoida	1	Acartiidae	1	Acartia	1	Acartia_hudsonica	1
1bd4e6d34b3fe88a3976fc36b2c85846	0	0	0	0	0	0	0	0	0	0	0	0	0	0	0	0	0	0	0	0	0	0	0	0	0	0	0	0	0	0	0	119	0	0	0	0	0	0	0	0	0	0	0	0	0	103	816	0	4686	0	0	0	0	0	0	Bryozoa	1	Gymnolaemata	1	Cheilostomatida	1	Membraniporidae	1	Membranipora	1	Membranipora_membranacea	1
7d67c0d3128c8971e1828a698caa2848	0	0	0	0	0	0	0	0	0	0	0	0	0	0	0	0	0	0	0	0	0	0	0	0	0	0	0	0	0	0	0	0	0	0	5492	0	0	0	0	0	0	0	0	0	0	0	0	0	0	0	0	0	0	0	0	Annelida	1	Polychaeta	1	Spionida	1	Spionidae	1	Polydora_segmented_worms	1	Polydora_onagawaensis	1
bc5caed8397a9e6a06973d6b227dfb03	0	0	0	0	0	0	0	0	0	0	0	0	0	0	0	0	0	15	0	0	0	0	0	0	0	0	0	0	0	0	0	0	1648	0	3712	0	0	0	0	0	0	0	0	0	0	0	0	0	0	0	0	0	0	5	0	Platyhelminthes	1	Rhabditophora	1	Macrostomida	1	Microstomidae	1	Microstomum	1	Microstomum_compositum	1
d3a807b6b64b11e12915d53ae8262924	0	0	0	0	0	0	0	0	0	0	0	0	0	0	0	0	0	0	0	0	0	0	0	0	0	0	0	0	477	0	0	156	543	0	833	0	851	1500	979	0	0	0	0	0	0	0	0	0	0	0	0	0	0	0	0	Arthropoda	1	Hexanauplia	1	Calanoida	1	Temoridae	1	Eurytemora	1	Eurytemora_herdmani	1
0a69e4dae3376bc6ed64597f50609d01	0	0	0	0	0	0	0	0	0	0	0	0	118	0	0	1599	0	0	0	0	0	3545	0	0	0	0	0	0	0	0	0	0	0	0	0	0	19	0	0	0	0	0	0	0	0	0	0	0	0	0	0	0	0	0	0	Annelida	1	Polychaeta	1	Spionida	1	Spionidae	1	Polydora_segmented_worms	1	Polydora_cornuta	1
d5e2b3ed9da4c369668a561ae9129091	0	0	0	0	0	0	0	0	0	0	0	0	0	0	0	152	10	16	0	0	0	0	89	18	0	0	0	0	0	0	0	0	0	0	0	0	0	0	0	0	3	0	19	0	1133	2103	1092	0	105	27	40	0	0	29	0	Bacillariophyta	1	Bacillariophyceae	1	Bacillariales	1	Bacillariaceae	1	Cylindrotheca	1	Cylindrotheca_closterium	1
e5b575efc5e19e6f9e6863ef6064d0fe	0	0	0	0	0	0	0	0	0	0	0	0	0	0	0	0	0	0	0	0	0	0	0	0	0	0	0	0	0	0	0	0	0	0	0	0	0	0	0	0	0	0	0	0	0	0	0	0	4445	0	0	0	0	0	0	Bryozoa	1	Gymnolaemata	1	Cheilostomatida	1	Membraniporidae	1	Membranipora	1	Membranipora_membranacea	1
9b43bd1fc423914c5a36e7d81e01f9d1	0	0	0	0	0	0	0	0	264	0	0	0	0	0	167	6	10	562	0	0	0	13	0	20	0	0	0	0	0	0	0	30	104	32	34	0	0	0	0	0	331	364	541	0	0	0	0	0	36	68	42	0	932	647	0	Chlorophyta	1	Mamiellophyceae	1	Mamiellales	1	Mamiellaceae	1	Micromonas_green_algae	1	Micromonas_pusilla	1
fec5f439e7543c1d2ea9434f4433886d	0	0	0	0	0	0	0	0	0	130	0	0	209	0	0	0	0	0	0	0	0	0	0	0	0	0	0	0	185	754	0	2359	0	0	0	0	0	0	0	0	13	0	0	0	0	122	162	0	0	0	0	0	0	129	0	Mollusca	1	Bivalvia	1	Mytilida	1	Mytilidae	1	Mytilus	1	Mytilus_trossulus	1
1f5c143cf68accd0247f9ad121840d56	0	0	0	17	0	0	0	0	0	37	0	0	0	0	0	0	0	0	0	0	0	0	0	0	0	0	0	0	145	0	0	157	120	0	678	0	0	88	276	0	60	21	0	0	249	642	293	0	305	0	819	0	0	42	0	Arthropoda	1	Hexanauplia	1	Calanoida	1	Centropagidae	1	Centropages	1	Centropages_hamatus	1
4ffef4af0128bd1133b1f7a8497caed5	0	0	0	0	0	0	0	0	0	0	0	0	0	0	0	0	0	0	0	0	0	0	0	0	0	0	0	0	0	0	0	505	0	0	1665	0	164	0	0	0	0	0	0	0	0	0	1611	0	0	0	0	0	0	0	0	Arthropoda	1	Hexanauplia	1	Calanoida	1	Acartiidae	1	Acartia	1	Acartia_hudsonica	1
acc7d96f69a7af2d9dd95ca99109bba0	0	0	0	0	0	0	0	0	0	0	0	0	0	0	0	0	0	0	3849	0	0	0	0	0	0	0	0	0	0	0	0	0	0	0	0	0	0	0	0	0	0	0	0	0	0	0	0	0	0	0	0	0	0	0	0	Annelida	1	Polychaeta	1	Spionida	1	Spionidae	1	Polydora_segmented_worms	1	Polydora_onagawaensis	1
e955d3b88071b37b247b2ad94b85a35a	0	0	44	0	0	0	0	0	0	0	0	24	0	0	361	0	0	90	0	0	0	0	5	0	0	0	0	0	0	0	0	62	0	311	68	0	0	6	0	0	664	563	691	0	0	0	0	0	0	0	0	0	358	296	0	Chlorophyta	1	Mamiellophyceae	1	Mamiellales	1	Mamiellaceae	1	Micromonas_green_algae	1	Micromonas_pusilla	1
177407883893cd0826559844004afcb9	0	0	0	711	0	0	0	311	0	0	0	0	0	0	0	0	0	0	0	0	0	0	0	0	0	0	0	0	0	0	0	0	0	0	2412	0	0	0	0	0	0	0	0	0	0	0	0	0	0	0	0	0	0	0	0	Annelida	1	Polychaeta	1	Spionida	1	Spionidae	1	Polydora_segmented_worms	1	Polydora_cornuta	1
f44184b613d45e9b065f5deb5069010e	0	76	11	0	0	0	0	0	0	465	0	0	12	22	0	0	0	0	0	0	0	0	0	0	0	0	0	0	178	2024	0	498	0	0	0	0	16	0	0	0	0	0	0	0	0	0	0	0	0	0	0	0	0	0	0	Arthropoda	1	Hexanauplia	1	Calanoida	1	Acartiidae	1	Acartia	1	Acartia_tonsa	1
86db00802939b34df71fa0087c185fb1	0	0	0	0	0	0	0	0	0	0	0	0	0	0	0	0	0	0	0	0	0	0	0	0	0	0	0	0	618	0	0	0	0	0	0	0	578	1724	379	0	0	0	0	0	0	0	0	0	0	0	0	0	0	0	0	Arthropoda	1	Hexanauplia	1	Calanoida	1	Temoridae	1	Eurytemora	1	Eurytemora_herdmani	1
b3e4c1575c4a989f977f2d85b32f01a9	0	0	0	0	0	0	0	0	0	0	0	0	0	0	0	0	0	0	0	0	0	0	0	0	0	0	0	0	60	0	0	3219	0	0	0	0	0	0	0	0	0	0	0	0	0	0	0	0	0	0	0	0	0	0	0	Mollusca	1	Bivalvia	1	Mytilida	1	Mytilidae	1	Mytilus	1	Mytilus_trossulus	1
94341ef3ed6abcb4af817de7db31aac9	0	0	0	0	0	0	0	0	0	0	0	0	0	0	0	0	0	0	0	0	0	0	0	0	0	0	0	0	194	34	0	41	526	0	493	0	633	519	531	0	0	0	0	0	0	81	0	0	0	0	0	0	0	0	0	Arthropoda	1	Hexanauplia	1	Calanoida	1	Temoridae	1	Eurytemora	1	Eurytemora_herdmani	1
7dcaabad6d1efd687c5558f1d74206a6	0	0	0	0	0	0	0	0	0	0	0	0	0	0	0	0	0	0	0	0	0	0	0	0	0	0	0	0	0	0	0	0	0	0	3041	0	0	0	0	0	0	0	0	0	0	0	0	0	0	0	0	0	0	0	0	Arthropoda	1	Hexanauplia	1	Calanoida	1	Temoridae	1	Eurytemora	1	Eurytemora_herdmani	1
4aff3fe50e191b04d42eec7af66e0c96	0	0	0	0	0	0	0	0	0	0	0	0	0	0	0	0	0	0	0	0	0	0	0	0	0	0	0	0	0	2658	0	0	0	0	0	0	0	0	0	0	0	0	0	0	0	0	0	0	0	0	0	0	0	0	0	Mollusca	1	Gastropoda	1	Neogastropoda	1	Nassariidae	1	Tritia	1	Tritia_trivittata	1
5c25f511cb27869a358bd7a1eac63287	0	0	0	0	0	0	0	0	0	0	0	0	0	0	0	0	0	0	0	0	0	0	0	0	0	0	0	0	0	0	0	0	0	0	1674	0	0	0	0	0	0	0	0	0	0	974	0	0	0	0	0	0	0	0	0	Arthropoda	1	Hexanauplia	1	Calanoida	1	Tortanidae	1	Tortanus	1	Tortanus_discaudatus	1
169f7b2f79174bba5a3617c660aef352	0	0	0	0	0	0	0	0	0	0	0	0	0	0	0	0	0	0	0	0	0	0	0	0	0	0	0	0	0	0	0	0	0	0	0	0	0	0	0	0	0	0	0	0	0	2406	0	0	75	0	0	0	0	0	0	Arthropoda	1	Hexanauplia	1	Calanoida	1	Centropagidae	1	Centropages	1	Centropages_typicus	1
525e0bd25f7295d370b1bb64a9442a59	0	0	0	0	0	0	0	0	0	0	0	0	2372	0	0	0	0	0	0	0	0	0	0	0	0	0	0	0	0	0	0	0	0	0	0	0	0	0	0	0	0	0	0	0	0	0	0	0	0	0	0	0	0	8	0	undef_undef_Eukaryota	1	Bigyra	1	Thraustochytrida	1	Thraustochytriaceae	1	Thraustochytrium	1	Thraustochytrium_aureum	1
4fc5e7aac17143fb011e859d5062adec	0	0	0	0	0	0	0	0	0	0	0	0	0	0	0	0	0	0	0	0	0	0	0	0	0	0	0	0	0	0	0	0	0	0	0	0	0	0	0	0	0	0	0	0	0	2284	0	0	0	0	0	0	0	0	0	Bryozoa	1	Gymnolaemata	1	Cheilostomatida	1	Membraniporidae	1	Membranipora	1	Membranipora_membranacea	1
51ee344a5515b05c97990c8e3c93a922	0	0	0	0	0	0	0	0	0	0	0	0	0	0	0	0	0	0	0	0	0	0	0	0	0	0	0	0	183	19	0	17	189	0	521	0	440	563	228	0	0	0	0	0	19	0	35	0	0	0	0	0	0	0	0	Arthropoda	1	Hexanauplia	1	Calanoida	1	Temoridae	1	Eurytemora	1	Eurytemora_herdmani	1
e1319d57d6dd716a67905a1e9aa729ef	0	0	0	0	0	0	0	0	0	0	0	0	0	0	0	0	0	0	0	0	0	0	0	0	0	0	0	0	0	0	0	0	0	0	1149	0	0	0	0	0	0	0	0	0	1064	0	0	0	0	0	0	0	0	0	0	Arthropoda	1	Hexanauplia	1	Calanoida	1	Clausocalanidae	1	Pseudocalanus	1	Pseudocalanus_newmani	1
5661925725c78ed62d6b5aafdfc5ff88	0	0	0	0	0	0	0	0	0	0	0	0	0	0	0	0	0	0	0	0	0	0	0	0	0	0	0	0	1676	0	0	379	0	0	0	0	0	0	0	0	0	0	0	0	0	0	0	0	0	0	0	0	0	0	0	Arthropoda	1	Hexanauplia	1	Calanoida	1	Acartiidae	1	Acartia	1	Acartia_hudsonica	1
88a9412a4329e87b6c809d8269fb6de5	21	25	177	27	134	58	314	0	37	14	0	0	0	10	14	4	0	0	0	24	0	76	72	2	0	0	741	0	20	7	0	0	5	0	0	0	0	0	0	0	0	0	0	0	8	0	63	0	0	15	0	0	0	59	0	Evosea	1	undef_Evosea	1	undef_undef_Evosea	1	undef_undef_undef_Evosea	1	Squamamoeba	1	Squamamoeba_japonica	1
e737c2b783a7bdf88bacf0ac36e96227	0	0	1466	0	0	0	0	406	0	0	0	0	0	0	0	0	0	0	0	0	0	0	0	28	0	0	0	0	0	0	0	0	0	0	0	0	0	0	0	0	0	13	0	0	0	0	0	0	0	0	0	0	0	0	0	Annelida	1	Polychaeta	1	Spionida	1	Spionidae	1	Polydora_segmented_worms	1	Polydora_cornuta	1
c911bd98ae61611b10a4b1686a533441	0	0	0	0	0	0	0	0	0	0	0	0	0	0	0	0	0	0	0	0	0	0	0	0	0	0	0	0	0	0	0	0	0	1836	0	0	0	0	0	0	0	0	0	0	0	0	0	0	0	0	0	0	0	0	0	Arthropoda	1	Hexanauplia	1	Calanoida	1	Temoridae	1	Eurytemora	1	Eurytemora_herdmani	1
b1d3aa43240211d4f0d57844d5e98fe2	0	0	0	0	0	0	0	0	19	0	0	0	0	0	0	0	0	0	0	0	0	0	0	0	0	0	0	0	0	0	0	1776	0	0	0	0	0	0	0	0	0	0	0	0	0	0	0	0	10	0	0	0	0	0	0	Mollusca	1	Gastropoda	1	undef_Gastropoda	1	Limapontiidae	1	Ercolania	1	Ercolania_fuscata	1
ad6a2b40295347d6e2395b2b8fb0a840	0	0	0	0	0	0	0	0	0	0	0	0	0	0	0	0	0	0	0	0	0	0	0	0	0	0	0	0	0	0	0	0	0	1748	0	0	0	0	0	0	0	0	0	0	0	0	0	0	0	0	0	0	0	0	0	Arthropoda	1	Hexanauplia	1	Calanoida	1	Tortanidae	1	Tortanus	1	Tortanus_discaudatus	1
e72ed6641deec3a5a2f25467f983076d	0	69	0	0	0	0	0	0	7	131	0	0	0	0	0	0	28	0	0	0	0	0	0	0	0	0	0	0	645	586	0	26	0	0	0	0	0	9	191	0	0	0	0	0	0	0	0	0	0	0	0	0	43	0	0	Arthropoda	1	Branchiopoda	1	Diplostraca	1	Podonidae	1	Evadne	1	Evadne_nordmanni	1
2378bf7ce294a9e445aa5ef9135b65af	6	6	96	28	0	325	0	0	68	0	0	0	0	0	0	0	0	11	0	0	11	15	0	32	0	0	96	0	12	0	0	22	17	0	42	0	0	0	0	0	237	251	225	0	18	21	21	0	0	0	0	0	53	24	0	Bacillariophyta	1	Coscinodiscophyceae	1	Thalassiosirales	1	Skeletonemataceae	1	Skeletonema	1	Skeletonema_menzelii	1
5118ef5ea59b495f163ca08e7b563326	0	0	0	0	0	0	0	0	0	0	0	0	0	0	0	0	0	0	0	0	0	0	0	0	0	40	0	0	0	0	0	0	0	0	0	0	0	0	0	0	0	0	0	0	0	0	0	0	693	0	896	0	0	0	0	Bryozoa	1	Gymnolaemata	1	Cheilostomatida	1	Membraniporidae	1	Membranipora	1	Membranipora_membranacea	1
c698282d54e911ca6c4696ada45d665e	0	0	0	0	0	0	0	0	0	0	0	0	0	0	0	0	0	0	0	0	0	0	0	0	0	0	0	0	0	0	0	1620	0	0	0	0	0	0	0	0	0	0	0	0	0	0	0	0	0	0	0	0	0	0	0	Mollusca	1	Bivalvia	1	Mytilida	1	Mytilidae	1	Mytilus	1	Mytilus_trossulus	1
260ae2cbe9ccd2b15c6e2bb293c574e2	0	0	0	0	0	0	0	0	0	0	0	0	0	0	0	0	0	0	0	0	0	0	0	0	0	0	0	0	0	0	0	0	0	0	0	0	0	1613	0	0	0	0	0	0	0	0	0	0	0	0	0	0	0	0	0	Arthropoda	1	Hexanauplia	1	Calanoida	1	Temoridae	1	Eurytemora	1	Eurytemora_herdmani	1
af7c351d17805d3e9e1196393c348544	0	0	0	0	0	0	0	0	0	0	0	0	0	0	0	0	0	0	0	0	0	0	0	0	0	0	0	0	0	0	0	0	0	0	0	0	776	8	116	0	0	0	0	0	542	0	11	0	0	0	0	0	4	0	0	Mollusca	1	Bivalvia	1	Mytilida	1	Mytilidae	1	Modiolus	1	Modiolus_modiolus	1
2af9049fb82d0d738f9870ec93ac7b4c	0	1306	0	0	0	0	0	0	0	0	0	0	0	0	0	0	0	0	0	0	0	0	0	0	0	0	144	0	0	0	0	0	0	0	0	0	0	0	0	0	0	0	0	0	0	0	0	0	0	0	0	0	0	0	0	Annelida	1	Polychaeta	1	Spionida	1	Spionidae	1	Polydora_segmented_worms	1	Polydora_cornuta	1
4d5dd3918648e4df3e59a4342a052385	0	0	0	31	0	0	0	0	34	0	0	0	0	0	27	10	0	46	0	0	0	30	41	0	0	0	0	0	0	0	0	0	0	0	0	0	0	0	0	0	0	35	0	0	531	190	354	0	0	0	9	0	34	43	0	Bacillariophyta	1	Fragilariophyceae	1	Thalassionemales	1	Thalassionemataceae	1	Thalassionema	1	Thalassionema_nitzschioides	1
d065205706cbdbd57ab3fc4e127da3d3	0	0	0	0	0	0	0	0	0	0	0	0	0	0	0	0	0	0	0	0	0	0	0	0	0	0	0	0	0	0	0	0	0	0	0	0	0	1383	0	0	0	0	0	0	0	0	0	0	0	0	0	0	0	0	0	Arthropoda	1	Hexanauplia	1	Calanoida	1	Temoridae	1	Eurytemora	1	Eurytemora_herdmani	1
ca6342770556c07f9013d7054b026caa	0	0	0	0	0	0	0	0	0	0	0	0	0	0	0	0	0	0	0	0	0	0	0	0	0	0	0	0	0	0	0	1352	0	0	0	0	0	0	0	0	0	0	0	0	0	0	0	0	0	0	0	0	0	0	0	Mollusca	1	Bivalvia	1	Mytilida	1	Mytilidae	1	Mytilus	1	Mytilus_trossulus	1
516cdddcdca3b7600291aa82eddb7404	0	0	0	0	0	0	0	0	0	0	0	0	0	0	0	0	0	0	0	0	0	0	0	0	0	0	0	0	0	0	0	0	0	0	0	0	0	0	0	0	0	0	0	0	0	1326	0	0	0	0	0	0	0	0	0	Arthropoda	1	Hexanauplia	1	Calanoida	1	Centropagidae	1	Centropages	1	Centropages_typicus	1
6d6ee21f201b25dabbac14169dfac209	0	64	0	0	0	0	0	0	160	0	0	0	0	0	0	0	138	0	0	0	0	0	0	0	0	142	100	0	18	0	0	0	0	0	0	0	0	0	0	0	8	4	40	0	0	0	4	0	286	154	74	0	116	0	0	Echinodermata	1	Asteroidea	1	Forcipulatida	1	Asteriidae	1	Asterias	1	Asterias_forbesi	1
35177e73c3efe75404cffc05237477a6	0	0	0	0	0	0	0	0	0	0	0	0	0	0	0	0	0	0	0	0	0	0	0	0	0	0	0	0	0	0	0	1275	0	0	0	0	0	0	0	0	0	0	0	0	0	0	0	0	0	0	0	0	0	0	0	Bryozoa	1	Gymnolaemata	1	Cheilostomatida	1	Membraniporidae	1	Membranipora	1	Membranipora_membranacea	1
30a2b816c60fe1ddc08231fbfc0ba4d7	0	0	0	0	0	0	0	0	0	0	0	0	0	0	0	0	0	0	0	0	0	0	0	0	0	0	0	0	44	0	0	0	0	0	0	0	0	0	0	0	0	0	0	0	398	377	407	0	0	0	0	0	0	0	0	Mollusca	1	Bivalvia	1	Mytilida	1	Mytilidae	1	Mytilus	1	Mytilus_edulis	1
5129cf4998912cb737e4a660495b4852	0	0	0	0	0	0	0	0	0	0	0	0	0	0	0	0	0	0	0	0	0	0	0	0	0	0	0	0	0	0	0	0	0	0	0	0	0	0	0	0	0	0	0	0	0	1179	0	0	0	0	0	0	0	0	0	Arthropoda	1	Hexanauplia	1	Calanoida	1	Centropagidae	1	Centropages	1	Centropages_typicus	1
90fa507ca85719f9a49193341dd60d1a	0	0	0	0	0	0	0	0	0	0	0	0	0	0	0	0	0	0	0	0	0	0	0	0	0	0	0	0	0	351	0	0	0	0	0	0	0	782	0	0	0	0	0	0	0	0	0	0	0	0	0	0	0	0	0	Arthropoda	1	Hexanauplia	1	Calanoida	1	Temoridae	1	Eurytemora	1	Eurytemora_herdmani	1
d848f5b848d1e3d80af7cbc0cc2929db	0	0	0	0	0	0	0	0	0	0	0	0	0	0	0	0	0	0	0	0	0	0	0	0	0	0	0	0	0	0	0	0	0	0	1061	0	0	0	0	0	0	0	0	0	0	0	0	0	0	0	0	0	0	0	0	Arthropoda	1	Hexanauplia	1	Calanoida	1	Acartiidae	1	Acartia	1	Acartia_hudsonica	1
5a571dfcbc6a2eecf2a5fe1f94528c14	0	0	0	0	0	0	0	0	0	0	0	0	0	0	0	0	0	0	0	0	0	0	0	0	0	0	0	0	0	0	0	0	0	0	1044	0	0	0	0	0	0	0	0	0	0	0	0	0	0	0	0	0	0	0	0	Arthropoda	1	Hexanauplia	1	Calanoida	1	Temoridae	1	Eurytemora	1	Eurytemora_herdmani	1
